order_id,customer_id,product_id,quantity,order_date
O00001,C0333,P022,1,2022-01-09
O00002,C0068,P090,1,2022-01-27
O00003,C0483,P021,1,2022-01-17
O00004,C0214,P076,4,2022-01-07
O00005,C0411,P073,4,2022-01-12
O00006,C0093,P079,4,2022-01-23
O00007,C0399,P046,5,2022-01-14
O00008,C0015,P088,2,2022-01-10
O00009,C0248,P063,1,2022-01-06
O00010,C0455,P053,4,2022-01-02
O00011,C0024,P009,3,2022-01-18
O00012,C0336,P041,1,2022-01-16
O00013,C0361,P087,5,2022-01-30
O00014,C0393,P096,5,2022-01-07
O00015,C0371,P073,2,2022-01-23
O00016,C0490,P086,3,2022-01-30
O00017,C0266,P067,5,2022-01-16
O00018,C0049,P056,2,2022-01-11
O00019,C0247,P045,4,2022-01-08
O00020,C0077,P072,5,2022-01-01
O00021,C0028,P002,2,2022-01-01
O00022,C0259,P061,4,2022-01-22
O00023,C0446,P022,1,2022-01-03
O00024,C0385,P063,3,2022-01-30
O00025,C0124,P043,3,2022-01-04
O00026,C0026,P065,2,2022-01-27
O00027,C0282,P083,4,2022-01-19
O00028,C0207,P031,1,2022-01-22
O00029,C0236,P057,5,2022-01-16
O00030,C0230,P012,4,2022-01-05
O00031,C0229,P041,1,2022-01-31
O00032,C0255,P096,1,2022-01-03
O00033,C0053,P052,4,2022-01-25
O00034,C0019,P072,5,2022-01-17
O00035,C0001,P012,5,2022-01-03
O00036,C0494,P080,3,2022-01-24
O00037,C0456,P066,5,2022-01-24
O00038,C0106,P084,4,2022-01-04
O00039,C0487,P044,3,2022-01-29
O00040,C0423,P007,2,2022-01-09
O00041,C0433,P059,3,2022-01-21
O00042,C0287,P099,5,2022-01-08
O00043,C0308,P061,3,2022-01-15
O00044,C0367,P058,1,2022-01-10
O00045,C0050,P098,2,2022-01-09
O00046,C0002,P044,3,2022-01-15
O00047,C0425,P082,3,2022-01-02
O00048,C0281,P067,3,2022-01-04
O00049,C0360,P014,1,2022-01-27
O00050,C0460,P022,4,2022-01-06
O00051,C0072,P092,4,2022-01-28
O00052,C0055,P033,5,2022-01-02
O00053,C0101,P025,1,2022-01-28
O00054,C0477,P051,2,2022-01-10
O00055,C0235,P025,3,2022-01-12
O00056,C0056,P097,4,2022-01-26
O00057,C0024,P082,5,2022-01-22
O00058,C0064,P099,4,2022-01-11
O00059,C0235,P085,5,2022-01-14
O00060,C0490,P065,2,2022-01-24
O00061,C0494,P064,1,2022-01-04
O00062,C0272,P095,1,2022-01-04
O00063,C0284,P056,5,2022-01-28
O00064,C0248,P066,2,2022-01-25
O00065,C0355,P075,2,2022-01-29
O00066,C0375,P017,1,2022-01-02
O00067,C0199,P085,5,2022-01-01
O00068,C0311,P042,5,2022-01-28
O00069,C0452,P050,4,2022-01-05
O00070,C0312,P089,2,2022-01-22
O00071,C0141,P051,3,2022-01-21
O00072,C0497,P038,4,2022-01-06
O00073,C0413,P018,2,2022-01-11
O00074,C0212,P078,5,2022-01-12
O00075,C0154,P090,5,2022-01-29
O00076,C0441,P041,5,2022-01-15
O00077,C0324,P028,2,2022-01-31
O00078,C0108,P080,3,2022-01-20
O00079,C0352,P045,2,2022-01-09
O00080,C0364,P084,2,2022-01-29
O00081,C0258,P070,3,2022-01-24
O00082,C0364,P015,3,2022-01-03
O00083,C0288,P062,5,2022-01-12
O00084,C0293,P086,4,2022-01-27
O00085,C0346,P096,5,2022-01-11
O00086,C0147,P055,1,2022-01-06
O00087,C0268,P014,1,2022-01-04
O00088,C0196,P019,1,2022-01-13
O00089,C0344,P008,2,2022-01-13
O00090,C0137,P097,2,2022-01-31
O00091,C0147,P088,3,2022-01-15
O00092,C0075,P008,3,2022-01-09
O00093,C0105,P097,5,2022-01-27
O00094,C0017,P046,4,2022-01-13
O00095,C0053,P079,5,2022-01-23
O00096,C0443,P029,5,2022-01-28
O00097,C0200,P031,5,2022-01-16
O00098,C0402,P090,3,2022-01-26
O00099,C0355,P086,1,2022-01-14
O00100,C0184,P010,3,2022-02-13
O00101,C0270,P029,2,2022-02-14
O00102,C0267,P009,5,2022-02-26
O00103,C0082,P054,5,2022-02-22
O00104,C0275,P052,1,2022-02-11
O00105,C0179,P029,2,2022-02-18
O00106,C0340,P043,3,2022-02-02
O00107,C0185,P038,2,2022-02-01
O00108,C0487,P097,5,2022-02-24
O00109,C0272,P061,5,2022-02-09
O00110,C0422,P097,1,2022-02-07
O00111,C0059,P086,3,2022-02-20
O00112,C0229,P031,5,2022-02-28
O00113,C0471,P080,2,2022-02-25
O00114,C0491,P006,3,2022-02-28
O00115,C0196,P015,4,2022-02-28
O00116,C0132,P070,3,2022-02-15
O00117,C0013,P067,3,2022-02-27
O00118,C0264,P066,4,2022-02-08
O00119,C0250,P006,3,2022-02-21
O00120,C0460,P084,2,2022-02-23
O00121,C0165,P066,1,2022-02-23
O00122,C0486,P013,2,2022-02-21
O00123,C0498,P099,5,2022-02-12
O00124,C0274,P001,1,2022-02-25
O00125,C0108,P086,2,2022-02-19
O00126,C0443,P088,4,2022-02-18
O00127,C0428,P014,2,2022-02-24
O00128,C0276,P090,4,2022-02-20
O00129,C0332,P010,2,2022-02-07
O00130,C0013,P059,3,2022-02-25
O00131,C0020,P012,1,2022-02-24
O00132,C0028,P023,3,2022-02-07
O00133,C0286,P010,5,2022-02-10
O00134,C0421,P030,3,2022-02-15
O00135,C0209,P050,4,2022-02-06
O00136,C0323,P052,4,2022-02-22
O00137,C0162,P003,4,2022-02-03
O00138,C0345,P016,5,2022-02-06
O00139,C0004,P083,5,2022-02-06
O00140,C0033,P097,5,2022-02-24
O00141,C0024,P090,1,2022-02-17
O00142,C0184,P065,1,2022-02-04
O00143,C0149,P088,3,2022-02-13
O00144,C0311,P012,3,2022-02-02
O00145,C0392,P057,4,2022-02-14
O00146,C0203,P085,1,2022-02-09
O00147,C0243,P021,5,2022-02-18
O00148,C0113,P018,4,2022-02-09
O00149,C0408,P070,3,2022-02-05
O00150,C0492,P082,2,2022-02-06
O00151,C0153,P087,3,2022-02-19
O00152,C0491,P002,5,2022-02-28
O00153,C0448,P072,2,2022-02-09
O00154,C0064,P006,1,2022-02-01
O00155,C0294,P077,4,2022-02-11
O00156,C0276,P071,1,2022-02-15
O00157,C0157,P027,3,2022-02-23
O00158,C0109,P053,5,2022-02-05
O00159,C0073,P021,2,2022-02-02
O00160,C0114,P079,3,2022-02-05
O00161,C0100,P015,2,2022-02-11
O00162,C0344,P073,1,2022-02-20
O00163,C0436,P097,5,2022-02-02
O00164,C0237,P083,5,2022-02-25
O00165,C0038,P038,1,2022-02-21
O00166,C0129,P013,2,2022-02-20
O00167,C0372,P075,4,2022-02-27
O00168,C0488,P043,3,2022-02-22
O00169,C0066,P086,2,2022-02-10
O00170,C0052,P037,5,2022-02-16
O00171,C0036,P025,3,2022-02-26
O00172,C0249,P058,3,2022-02-19
O00173,C0316,P085,3,2022-02-18
O00174,C0187,P065,1,2022-03-19
O00175,C0340,P031,5,2022-03-05
O00176,C0351,P022,5,2022-03-19
O00177,C0072,P058,2,2022-03-19
O00178,C0092,P073,5,2022-03-12
O00179,C0338,P019,4,2022-03-26
O00180,C0481,P046,1,2022-03-11
O00181,C0113,P098,4,2022-03-31
O00182,C0119,P009,3,2022-03-14
O00183,C0190,P030,1,2022-03-06
O00184,C0343,P027,5,2022-03-01
O00185,C0465,P047,4,2022-03-11
O00186,C0241,P059,1,2022-03-08
O00187,C0021,P084,3,2022-03-26
O00188,C0053,P091,5,2022-03-08
O00189,C0325,P036,3,2022-03-23
O00190,C0297,P070,5,2022-03-24
O00191,C0090,P049,4,2022-03-21
O00192,C0188,P076,1,2022-03-14
O00193,C0265,P033,4,2022-03-09
O00194,C0499,P029,5,2022-03-27
O00195,C0208,P046,3,2022-03-12
O00196,C0250,P062,5,2022-03-05
O00197,C0004,P065,2,2022-03-22
O00198,C0226,P022,2,2022-03-24
O00199,C0040,P066,3,2022-03-11
O00200,C0109,P020,2,2022-03-29
O00201,C0081,P047,5,2022-03-16
O00202,C0368,P016,2,2022-03-15
O00203,C0213,P043,1,2022-03-15
O00204,C0247,P087,4,2022-03-12
O00205,C0246,P027,5,2022-03-25
O00206,C0083,P083,4,2022-03-10
O00207,C0012,P032,1,2022-03-16
O00208,C0066,P074,5,2022-03-18
O00209,C0083,P018,5,2022-03-04
O00210,C0021,P074,2,2022-03-06
O00211,C0029,P022,3,2022-03-21
O00212,C0473,P024,5,2022-03-20
O00213,C0491,P052,5,2022-03-03
O00214,C0497,P073,1,2022-03-27
O00215,C0450,P093,3,2022-03-09
O00216,C0485,P011,2,2022-03-28
O00217,C0230,P078,4,2022-03-27
O00218,C0445,P062,2,2022-03-05
O00219,C0113,P053,5,2022-03-29
O00220,C0074,P075,2,2022-03-18
O00221,C0320,P085,5,2022-03-07
O00222,C0136,P022,3,2022-03-09
O00223,C0473,P059,5,2022-03-24
O00224,C0303,P009,2,2022-03-29
O00225,C0194,P050,2,2022-03-21
O00226,C0056,P003,2,2022-03-03
O00227,C0268,P065,4,2022-03-24
O00228,C0424,P020,5,2022-03-03
O00229,C0050,P023,4,2022-03-29
O00230,C0462,P079,5,2022-03-01
O00231,C0020,P069,5,2022-03-28
O00232,C0386,P016,1,2022-03-17
O00233,C0247,P085,2,2022-03-21
O00234,C0462,P078,5,2022-03-01
O00235,C0424,P001,4,2022-03-27
O00236,C0268,P054,3,2022-03-19
O00237,C0448,P006,5,2022-03-19
O00238,C0220,P030,4,2022-03-13
O00239,C0405,P099,4,2022-03-25
O00240,C0180,P076,5,2022-03-19
O00241,C0051,P055,2,2022-03-07
O00242,C0131,P062,2,2022-03-30
O00243,C0466,P011,3,2022-03-02
O00244,C0307,P070,4,2022-03-18
O00245,C0132,P025,1,2022-03-09
O00246,C0364,P096,1,2022-03-18
O00247,C0296,P067,1,2022-03-29
O00248,C0267,P001,4,2022-03-18
O00249,C0336,P027,3,2022-03-16
O00250,C0210,P047,1,2022-03-21
O00251,C0080,P055,5,2022-03-25
O00252,C0130,P034,5,2022-03-05
O00253,C0217,P073,3,2022-03-12
O00254,C0314,P036,4,2022-03-13
O00255,C0387,P027,4,2022-03-08
O00256,C0283,P072,4,2022-03-29
O00257,C0092,P048,5,2022-03-25
O00258,C0285,P062,3,2022-03-19
O00259,C0158,P074,3,2022-03-24
O00260,C0397,P091,4,2022-03-28
O00261,C0377,P018,1,2022-03-10
O00262,C0383,P030,4,2022-03-05
O00263,C0401,P090,2,2022-03-15
O00264,C0052,P028,5,2022-03-17
O00265,C0206,P044,5,2022-03-17
O00266,C0315,P090,1,2022-03-03
O00267,C0083,P050,1,2022-03-13
O00268,C0500,P021,1,2022-04-27
O00269,C0142,P100,4,2022-04-05
O00270,C0181,P086,4,2022-04-16
O00271,C0208,P076,2,2022-04-30
O00272,C0266,P002,1,2022-04-20
O00273,C0471,P012,5,2022-04-14
O00274,C0146,P093,5,2022-04-03
O00275,C0469,P075,3,2022-04-03
O00276,C0178,P036,2,2022-04-09
O00277,C0311,P025,4,2022-04-08
O00278,C0477,P052,5,2022-04-12
O00279,C0003,P034,2,2022-04-03
O00280,C0209,P065,1,2022-04-20
O00281,C0287,P010,5,2022-04-02
O00282,C0151,P044,1,2022-04-24
O00283,C0412,P066,3,2022-04-13
O00284,C0449,P069,5,2022-04-30
O00285,C0129,P089,4,2022-04-13
O00286,C0495,P049,5,2022-04-20
O00287,C0248,P099,2,2022-04-21
O00288,C0388,P044,4,2022-04-17
O00289,C0349,P059,5,2022-04-10
O00290,C0442,P004,4,2022-04-23
O00291,C0060,P034,1,2022-04-20
O00292,C0196,P082,2,2022-04-02
O00293,C0347,P090,2,2022-04-25
O00294,C0410,P041,4,2022-04-27
O00295,C0490,P046,5,2022-04-06
O00296,C0275,P002,3,2022-04-21
O00297,C0128,P037,1,2022-04-16
O00298,C0205,P087,3,2022-04-15
O00299,C0039,P071,2,2022-04-01
O00300,C0244,P041,3,2022-04-07
O00301,C0112,P074,3,2022-04-28
O00302,C0094,P096,2,2022-04-22
O00303,C0256,P095,2,2022-04-30
O00304,C0121,P095,2,2022-04-26
O00305,C0447,P034,2,2022-04-17
O00306,C0118,P026,2,2022-04-10
O00307,C0429,P080,3,2022-04-07
O00308,C0080,P100,1,2022-04-02
O00309,C0062,P011,4,2022-04-26
O00310,C0315,P001,5,2022-04-20
O00311,C0491,P006,4,2022-04-17
O00312,C0191,P080,3,2022-04-17
O00313,C0253,P074,3,2022-04-23
O00314,C0252,P024,5,2022-04-08
O00315,C0144,P051,2,2022-04-20
O00316,C0385,P074,2,2022-04-06
O00317,C0028,P068,4,2022-04-22
O00318,C0245,P070,1,2022-04-02
O00319,C0258,P045,4,2022-04-12
O00320,C0441,P088,2,2022-04-08
O00321,C0235,P016,5,2022-04-21
O00322,C0236,P041,1,2022-04-01
O00323,C0075,P095,2,2022-05-22
O00324,C0243,P002,2,2022-05-07
O00325,C0216,P064,2,2022-05-13
O00326,C0458,P081,5,2022-05-19
O00327,C0274,P093,3,2022-05-04
O00328,C0403,P063,3,2022-05-11
O00329,C0129,P072,5,2022-05-12
O00330,C0025,P051,1,2022-05-20
O00331,C0354,P021,1,2022-05-28
O00332,C0111,P033,4,2022-05-09
O00333,C0430,P081,1,2022-05-06
O00334,C0231,P096,3,2022-05-18
O00335,C0134,P047,3,2022-05-09
O00336,C0287,P072,3,2022-05-08
O00337,C0177,P003,4,2022-05-09
O00338,C0063,P045,5,2022-05-16
O00339,C0102,P074,5,2022-05-31
O00340,C0333,P084,5,2022-05-20
O00341,C0090,P100,3,2022-05-11
O00342,C0182,P042,5,2022-05-12
O00343,C0250,P100,4,2022-05-06
O00344,C0456,P011,4,2022-05-16
O00345,C0315,P037,4,2022-05-14
O00346,C0324,P019,2,2022-05-07
O00347,C0328,P044,4,2022-05-14
O00348,C0324,P079,5,2022-05-23
O00349,C0208,P010,1,2022-05-25
O00350,C0083,P044,2,2022-05-12
O00351,C0161,P041,3,2022-05-12
O00352,C0364,P035,5,2022-05-28
O00353,C0331,P051,3,2022-05-13
O00354,C0455,P057,3,2022-05-09
O00355,C0383,P076,5,2022-05-15
O00356,C0495,P058,4,2022-05-06
O00357,C0086,P024,1,2022-05-19
O00358,C0065,P094,2,2022-05-05
O00359,C0339,P033,1,2022-05-19
O00360,C0108,P022,4,2022-05-22
O00361,C0053,P013,1,2022-05-08
O00362,C0480,P061,5,2022-05-27
O00363,C0028,P004,4,2022-05-04
O00364,C0269,P098,1,2022-05-24
O00365,C0054,P034,5,2022-05-09
O00366,C0080,P011,4,2022-05-26
O00367,C0159,P030,2,2022-05-08
O00368,C0378,P037,4,2022-05-18
O00369,C0321,P017,2,2022-05-14
O00370,C0270,P022,1,2022-05-28
O00371,C0018,P085,3,2022-05-13
O00372,C0441,P042,4,2022-05-07
O00373,C0425,P049,2,2022-06-28
O00374,C0135,P011,4,2022-06-18
O00375,C0321,P031,5,2022-06-30
O00376,C0392,P079,3,2022-06-09
O00377,C0146,P084,5,2022-06-18
O00378,C0415,P035,4,2022-06-15
O00379,C0097,P009,2,2022-06-05
O00380,C0070,P038,1,2022-06-23
O00381,C0327,P059,5,2022-06-18
O00382,C0232,P035,5,2022-06-06
O00383,C0252,P025,3,2022-06-19
O00384,C0010,P020,1,2022-06-20
O00385,C0497,P069,1,2022-06-15
O00386,C0096,P014,3,2022-06-21
O00387,C0138,P017,4,2022-06-24
O00388,C0373,P002,2,2022-06-21
O00389,C0047,P020,1,2022-06-29
O00390,C0253,P028,3,2022-06-19
O00391,C0216,P040,4,2022-06-14
O00392,C0191,P060,1,2022-06-17
O00393,C0170,P011,2,2022-06-21
O00394,C0029,P035,4,2022-06-21
O00395,C0037,P070,4,2022-06-18
O00396,C0093,P025,3,2022-06-10
O00397,C0419,P049,1,2022-06-30
O00398,C0063,P099,2,2022-06-12
O00399,C0198,P099,4,2022-06-16
O00400,C0127,P095,1,2022-06-18
O00401,C0102,P059,1,2022-06-08
O00402,C0267,P086,2,2022-06-26
O00403,C0243,P050,3,2022-06-03
O00404,C0480,P042,2,2022-06-15
O00405,C0323,P094,1,2022-06-10
O00406,C0382,P071,5,2022-06-12
O00407,C0063,P033,4,2022-06-14
O00408,C0327,P039,2,2022-06-09
O00409,C0185,P007,2,2022-06-05
O00410,C0499,P015,2,2022-06-10
O00411,C0325,P056,3,2022-06-01
O00412,C0008,P022,3,2022-06-01
O00413,C0300,P016,4,2022-06-17
O00414,C0405,P032,1,2022-06-27
O00415,C0497,P006,5,2022-06-25
O00416,C0402,P089,4,2022-06-28
O00417,C0353,P077,2,2022-06-05
O00418,C0191,P099,1,2022-06-12
O00419,C0128,P021,4,2022-06-10
O00420,C0047,P088,5,2022-06-16
O00421,C0174,P098,1,2022-06-18
O00422,C0031,P046,2,2022-06-01
O00423,C0360,P069,1,2022-06-23
O00424,C0065,P063,2,2022-06-30
O00425,C0163,P072,3,2022-06-16
O00426,C0413,P057,2,2022-06-25
O00427,C0011,P089,4,2022-06-16
O00428,C0184,P093,2,2022-06-10
O00429,C0129,P006,4,2022-06-01
O00430,C0362,P057,5,2022-06-25
O00431,C0151,P070,4,2022-06-14
O00432,C0098,P073,2,2022-06-26
O00433,C0279,P045,3,2022-06-10
O00434,C0375,P060,3,2022-06-20
O00435,C0445,P077,5,2022-06-08
O00436,C0083,P009,5,2022-06-26
O00437,C0080,P058,3,2022-06-01
O00438,C0420,P034,5,2022-06-18
O00439,C0188,P059,1,2022-06-12
O00440,C0398,P082,5,2022-06-07
O00441,C0195,P094,2,2022-06-14
O00442,C0453,P003,5,2022-06-29
O00443,C0439,P047,5,2022-06-18
O00444,C0123,P042,1,2022-06-14
O00445,C0338,P069,4,2022-06-13
O00446,C0098,P068,4,2022-06-08
O00447,C0393,P071,2,2022-06-06
O00448,C0314,P037,3,2022-06-23
O00449,C0210,P083,3,2022-06-24
O00450,C0057,P013,5,2022-06-21
O00451,C0338,P009,1,2022-06-13
O00452,C0428,P039,1,2022-07-06
O00453,C0484,P028,5,2022-07-28
O00454,C0050,P013,2,2022-07-02
O00455,C0273,P050,2,2022-07-07
O00456,C0099,P068,2,2022-07-04
O00457,C0292,P081,2,2022-07-16
O00458,C0286,P096,5,2022-07-07
O00459,C0213,P096,1,2022-07-04
O00460,C0393,P082,5,2022-07-02
O00461,C0184,P087,4,2022-07-19
O00462,C0360,P086,4,2022-07-21
O00463,C0453,P014,2,2022-07-27
O00464,C0406,P024,5,2022-07-13
O00465,C0206,P065,3,2022-07-22
O00466,C0337,P021,5,2022-07-16
O00467,C0308,P057,3,2022-07-17
O00468,C0463,P041,5,2022-07-20
O00469,C0167,P048,4,2022-07-23
O00470,C0392,P082,4,2022-07-19
O00471,C0423,P093,3,2022-07-09
O00472,C0312,P031,5,2022-07-02
O00473,C0280,P028,4,2022-07-12
O00474,C0393,P071,3,2022-07-08
O00475,C0185,P058,4,2022-07-20
O00476,C0492,P051,1,2022-07-23
O00477,C0372,P005,3,2022-07-03
O00478,C0306,P003,5,2022-07-01
O00479,C0070,P039,1,2022-07-30
O00480,C0154,P029,2,2022-07-30
O00481,C0439,P041,1,2022-07-07
O00482,C0396,P089,3,2022-07-21
O00483,C0471,P071,5,2022-07-16
O00484,C0285,P074,5,2022-07-30
O00485,C0080,P013,1,2022-07-29
O00486,C0236,P046,2,2022-07-27
O00487,C0071,P034,3,2022-07-03
O00488,C0456,P075,2,2022-07-15
O00489,C0120,P033,3,2022-07-26
O00490,C0048,P074,4,2022-07-21
O00491,C0292,P028,1,2022-07-02
O00492,C0371,P042,4,2022-07-12
O00493,C0089,P063,5,2022-07-18
O00494,C0420,P013,5,2022-07-24
O00495,C0329,P039,1,2022-07-31
O00496,C0375,P074,4,2022-07-29
O00497,C0041,P100,1,2022-07-14
O00498,C0472,P099,3,2022-07-27
O00499,C0179,P056,4,2022-07-12
O00500,C0477,P016,2,2022-07-26
O00501,C0383,P084,5,2022-07-23
O00502,C0476,P002,4,2022-07-02
O00503,C0028,P040,5,2022-07-27
O00504,C0022,P041,5,2022-07-20
O00505,C0290,P020,3,2022-07-09
O00506,C0258,P090,2,2022-07-17
O00507,C0079,P007,4,2022-07-02
O00508,C0498,P058,5,2022-07-24
O00509,C0295,P065,1,2022-07-03
O00510,C0421,P057,5,2022-08-14
O00511,C0075,P057,1,2022-08-10
O00512,C0474,P030,2,2022-08-26
O00513,C0351,P048,2,2022-08-13
O00514,C0388,P094,1,2022-08-05
O00515,C0058,P095,1,2022-08-05
O00516,C0125,P080,2,2022-08-11
O00517,C0445,P037,1,2022-08-03
O00518,C0176,P089,1,2022-08-16
O00519,C0157,P058,4,2022-08-19
O00520,C0012,P043,2,2022-08-24
O00521,C0379,P069,2,2022-08-02
O00522,C0105,P070,5,2022-08-18
O00523,C0385,P034,5,2022-08-13
O00524,C0248,P080,2,2022-08-09
O00525,C0356,P090,1,2022-08-03
O00526,C0193,P075,5,2022-08-13
O00527,C0023,P033,2,2022-08-17
O00528,C0031,P037,2,2022-08-14
O00529,C0405,P090,5,2022-08-25
O00530,C0139,P007,4,2022-08-23
O00531,C0336,P002,1,2022-08-05
O00532,C0199,P085,3,2022-08-25
O00533,C0340,P085,3,2022-08-05
O00534,C0443,P014,1,2022-08-16
O00535,C0150,P084,4,2022-08-18
O00536,C0119,P049,5,2022-08-07
O00537,C0364,P013,3,2022-08-16
O00538,C0249,P077,5,2022-08-13
O00539,C0046,P024,2,2022-08-21
O00540,C0257,P059,5,2022-08-19
O00541,C0475,P092,1,2022-08-07
O00542,C0021,P032,5,2022-08-18
O00543,C0157,P043,4,2022-08-20
O00544,C0202,P096,2,2022-08-24
O00545,C0010,P045,3,2022-08-17
O00546,C0182,P081,3,2022-08-08
O00547,C0121,P065,3,2022-08-08
O00548,C0416,P008,3,2022-08-03
O00549,C0450,P050,1,2022-08-09
O00550,C0484,P072,3,2022-08-25
O00551,C0116,P020,3,2022-08-14
O00552,C0460,P051,2,2022-08-11
O00553,C0045,P094,4,2022-08-22
O00554,C0267,P087,5,2022-08-30
O00555,C0447,P081,2,2022-08-19
O00556,C0214,P031,5,2022-08-03
O00557,C0079,P055,3,2022-08-04
O00558,C0466,P078,3,2022-08-22
O00559,C0230,P070,2,2022-08-14
O00560,C0106,P084,2,2022-08-14
O00561,C0298,P070,2,2022-08-12
O00562,C0442,P018,3,2022-08-12
O00563,C0353,P091,5,2022-08-07
O00564,C0466,P018,4,2022-08-11
O00565,C0466,P099,2,2022-08-12
O00566,C0336,P073,2,2022-08-20
O00567,C0163,P009,5,2022-08-21
O00568,C0273,P093,1,2022-08-01
O00569,C0095,P041,2,2022-08-25
O00570,C0373,P004,3,2022-08-10
O00571,C0451,P053,4,2022-08-06
O00572,C0156,P057,3,2022-08-12
O00573,C0078,P100,2,2022-08-20
O00574,C0316,P063,3,2022-09-05
O00575,C0444,P059,2,2022-09-06
O00576,C0219,P052,1,2022-09-01
O00577,C0312,P095,4,2022-09-25
O00578,C0369,P041,4,2022-09-20
O00579,C0314,P096,5,2022-09-20
O00580,C0305,P069,5,2022-09-09
O00581,C0329,P091,1,2022-09-20
O00582,C0267,P014,4,2022-09-19
O00583,C0234,P006,2,2022-09-20
O00584,C0266,P069,4,2022-09-08
O00585,C0377,P006,5,2022-09-20
O00586,C0199,P067,1,2022-09-08
O00587,C0098,P038,4,2022-09-08
O00588,C0204,P039,3,2022-09-22
O00589,C0237,P022,4,2022-09-01
O00590,C0151,P079,1,2022-09-12
O00591,C0354,P067,2,2022-09-03
O00592,C0238,P083,4,2022-09-23
O00593,C0047,P093,5,2022-09-25
O00594,C0058,P024,5,2022-09-16
O00595,C0481,P090,5,2022-09-05
O00596,C0070,P051,4,2022-09-17
O00597,C0166,P058,1,2022-09-28
O00598,C0092,P059,5,2022-09-20
O00599,C0460,P092,2,2022-09-16
O00600,C0452,P059,1,2022-09-23
O00601,C0129,P042,2,2022-09-21
O00602,C0368,P094,1,2022-09-12
O00603,C0047,P015,4,2022-09-06
O00604,C0325,P047,1,2022-09-28
O00605,C0269,P091,4,2022-09-13
O00606,C0373,P066,5,2022-09-16
O00607,C0487,P021,4,2022-09-16
O00608,C0282,P049,1,2022-09-05
O00609,C0394,P022,3,2022-09-06
O00610,C0290,P085,2,2022-09-07
O00611,C0084,P019,2,2022-09-08
O00612,C0394,P092,1,2022-09-02
O00613,C0215,P040,3,2022-09-14
O00614,C0374,P099,4,2022-09-25
O00615,C0148,P081,2,2022-09-01
O00616,C0061,P017,2,2022-09-30
O00617,C0002,P080,3,2022-09-09
O00618,C0007,P059,4,2022-09-14
O00619,C0438,P064,5,2022-09-08
O00620,C0414,P001,5,2022-09-24
O00621,C0452,P064,2,2022-09-22
O00622,C0112,P076,4,2022-09-07
O00623,C0233,P053,4,2022-09-25
O00624,C0041,P077,5,2022-09-07
O00625,C0004,P032,5,2022-09-03
O00626,C0143,P080,5,2022-09-06
O00627,C0420,P027,1,2022-09-30
O00628,C0095,P019,1,2022-09-15
O00629,C0335,P045,1,2022-09-28
O00630,C0357,P027,5,2022-10-28
O00631,C0030,P014,5,2022-10-02
O00632,C0374,P081,5,2022-10-22
O00633,C0045,P062,5,2022-10-19
O00634,C0479,P091,3,2022-10-27
O00635,C0219,P078,3,2022-10-20
O00636,C0133,P068,5,2022-10-10
O00637,C0320,P046,2,2022-10-11
O00638,C0315,P073,4,2022-10-30
O00639,C0267,P094,4,2022-10-03
O00640,C0253,P024,5,2022-10-02
O00641,C0120,P091,3,2022-10-04
O00642,C0100,P001,1,2022-10-14
O00643,C0013,P060,1,2022-10-06
O00644,C0378,P027,5,2022-10-06
O00645,C0213,P053,1,2022-10-22
O00646,C0171,P045,5,2022-10-10
O00647,C0413,P082,2,2022-10-20
O00648,C0006,P082,2,2022-10-22
O00649,C0354,P037,3,2022-10-23
O00650,C0405,P009,3,2022-10-23
O00651,C0154,P065,5,2022-10-20
O00652,C0166,P099,1,2022-10-19
O00653,C0059,P088,3,2022-10-26
O00654,C0175,P051,5,2022-10-18
O00655,C0316,P004,2,2022-10-06
O00656,C0100,P043,3,2022-10-31
O00657,C0473,P087,4,2022-10-15
O00658,C0470,P061,1,2022-10-24
O00659,C0331,P018,4,2022-10-19
O00660,C0080,P081,4,2022-10-12
O00661,C0457,P069,3,2022-10-30
O00662,C0237,P053,1,2022-10-02
O00663,C0428,P067,3,2022-10-03
O00664,C0290,P093,3,2022-10-25
O00665,C0285,P069,1,2022-10-10
O00666,C0107,P074,3,2022-10-11
O00667,C0410,P046,1,2022-10-12
O00668,C0497,P020,3,2022-10-29
O00669,C0431,P004,3,2022-10-13
O00670,C0193,P081,5,2022-10-27
O00671,C0432,P022,5,2022-10-03
O00672,C0311,P050,2,2022-10-25
O00673,C0305,P015,3,2022-10-14
O00674,C0362,P041,1,2022-10-27
O00675,C0140,P053,1,2022-10-18
O00676,C0255,P031,3,2022-10-03
O00677,C0232,P039,2,2022-10-10
O00678,C0269,P039,2,2022-10-16
O00679,C0058,P048,1,2022-10-05
O00680,C0399,P026,1,2022-10-04
O00681,C0228,P065,1,2022-10-23
O00682,C0410,P062,5,2022-10-28
O00683,C0079,P025,3,2022-10-09
O00684,C0473,P062,5,2022-10-11
O00685,C0159,P100,3,2022-10-17
O00686,C0074,P099,1,2022-10-14
O00687,C0421,P067,2,2022-10-17
O00688,C0106,P093,1,2022-10-07
O00689,C0055,P050,1,2022-11-13
O00690,C0045,P055,4,2022-11-23
O00691,C0092,P091,5,2022-11-28
O00692,C0457,P076,4,2022-11-17
O00693,C0316,P046,3,2022-11-04
O00694,C0171,P026,5,2022-11-01
O00695,C0041,P097,4,2022-11-10
O00696,C0291,P017,1,2022-11-30
O00697,C0417,P090,4,2022-11-02
O00698,C0050,P059,3,2022-11-22
O00699,C0351,P083,4,2022-11-28
O00700,C0241,P030,2,2022-11-20
O00701,C0074,P079,3,2022-11-28
O00702,C0468,P047,4,2022-11-03
O00703,C0094,P090,3,2022-11-11
O00704,C0404,P042,4,2022-11-15
O00705,C0250,P004,1,2022-11-29
O00706,C0244,P015,3,2022-11-02
O00707,C0246,P060,2,2022-11-04
O00708,C0145,P099,3,2022-11-17
O00709,C0310,P074,2,2022-11-25
O00710,C0261,P014,4,2022-11-22
O00711,C0419,P092,1,2022-11-24
O00712,C0167,P072,1,2022-11-10
O00713,C0406,P039,5,2022-11-01
O00714,C0237,P052,5,2022-11-19
O00715,C0212,P031,5,2022-11-25
O00716,C0125,P071,2,2022-11-10
O00717,C0499,P062,4,2022-11-21
O00718,C0034,P044,2,2022-11-29
O00719,C0417,P089,5,2022-11-07
O00720,C0221,P056,5,2022-11-11
O00721,C0404,P044,5,2022-11-07
O00722,C0356,P031,2,2022-11-07
O00723,C0340,P086,1,2022-11-10
O00724,C0379,P092,5,2022-11-09
O00725,C0429,P063,1,2022-11-18
O00726,C0304,P077,4,2022-11-11
O00727,C0167,P072,1,2022-11-25
O00728,C0421,P057,2,2022-11-15
O00729,C0158,P052,1,2022-11-22
O00730,C0307,P014,5,2022-11-04
O00731,C0395,P049,3,2022-11-09
O00732,C0254,P083,1,2022-11-05
O00733,C0047,P028,2,2022-11-06
O00734,C0455,P075,1,2022-11-09
O00735,C0388,P019,2,2022-11-04
O00736,C0232,P069,3,2022-11-01
O00737,C0200,P079,5,2022-11-20
O00738,C0229,P026,2,2022-11-18
O00739,C0349,P041,3,2022-11-17
O00740,C0292,P087,3,2022-11-04
O00741,C0471,P056,3,2022-11-07
O00742,C0046,P075,1,2022-11-18
O00743,C0314,P066,4,2022-11-12
O00744,C0434,P017,3,2022-11-18
O00745,C0032,P048,5,2022-11-11
O00746,C0496,P007,1,2022-11-09
O00747,C0361,P072,3,2022-11-05
O00748,C0057,P037,1,2022-11-23
O00749,C0121,P056,5,2022-11-26
O00750,C0202,P081,3,2022-11-10
O00751,C0365,P049,4,2022-11-19
O00752,C0196,P056,5,2022-11-08
O00753,C0109,P085,2,2022-11-06
O00754,C0244,P018,2,2022-11-03
O00755,C0285,P050,3,2022-11-10
O00756,C0431,P054,2,2022-11-20
O00757,C0148,P086,2,2022-11-29
O00758,C0069,P002,1,2022-11-11
O00759,C0332,P003,2,2022-11-18
O00760,C0370,P063,4,2022-11-15
O00761,C0500,P018,1,2022-11-02
O00762,C0071,P083,4,2022-11-05
O00763,C0441,P059,5,2022-11-01
O00764,C0477,P055,5,2022-11-16
O00765,C0093,P059,5,2022-11-29
O00766,C0218,P071,4,2022-11-22
O00767,C0197,P046,2,2022-11-02
O00768,C0274,P100,1,2022-12-14
O00769,C0241,P059,5,2022-12-20
O00770,C0464,P061,5,2022-12-01
O00771,C0376,P043,4,2022-12-19
O00772,C0181,P038,3,2022-12-16
O00773,C0086,P005,5,2022-12-28
O00774,C0384,P039,5,2022-12-24
O00775,C0134,P008,4,2022-12-08
O00776,C0297,P022,5,2022-12-23
O00777,C0027,P085,3,2022-12-17
O00778,C0415,P095,5,2022-12-09
O00779,C0014,P037,4,2022-12-14
O00780,C0043,P017,5,2022-12-30
O00781,C0040,P036,3,2022-12-18
O00782,C0068,P079,3,2022-12-19
O00783,C0141,P033,1,2022-12-12
O00784,C0380,P015,5,2022-12-02
O00785,C0090,P076,2,2022-12-02
O00786,C0338,P058,3,2022-12-19
O00787,C0414,P023,3,2022-12-16
O00788,C0401,P090,2,2022-12-23
O00789,C0249,P024,5,2022-12-12
O00790,C0442,P005,3,2022-12-04
O00791,C0044,P019,5,2022-12-19
O00792,C0479,P020,4,2022-12-16
O00793,C0386,P053,4,2022-12-31
O00794,C0122,P085,4,2022-12-23
O00795,C0372,P082,2,2022-12-03
O00796,C0108,P074,3,2022-12-05
O00797,C0028,P083,3,2022-12-24
O00798,C0387,P015,1,2022-12-24
O00799,C0086,P060,4,2022-12-17
O00800,C0244,P039,4,2022-12-28
O00801,C0383,P097,5,2022-12-25
O00802,C0120,P049,4,2022-12-25
O00803,C0243,P034,2,2022-12-09
O00804,C0272,P056,1,2022-12-15
O00805,C0148,P058,4,2022-12-17
O00806,C0348,P041,5,2022-12-03
O00807,C0350,P006,1,2022-12-17
O00808,C0470,P069,3,2022-12-29
O00809,C0490,P056,5,2022-12-20
O00810,C0471,P084,3,2022-12-03
O00811,C0172,P035,3,2022-12-08
O00812,C0411,P013,3,2022-12-16
O00813,C0336,P075,4,2022-12-21
O00814,C0237,P099,2,2022-12-24
O00815,C0376,P087,5,2022-12-22
O00816,C0395,P025,5,2022-12-31
O00817,C0173,P087,2,2022-12-22
O00818,C0161,P071,1,2022-12-03
O00819,C0345,P002,1,2022-12-22
O00820,C0007,P053,1,2022-12-21
O00821,C0269,P014,4,2022-12-18
O00822,C0180,P029,3,2022-12-26
O00823,C0129,P025,1,2022-12-19
O00824,C0013,P080,1,2022-12-10
O00825,C0030,P077,2,2022-12-20
O00826,C0487,P077,1,2022-12-02
O00827,C0363,P016,1,2022-12-29
O00828,C0439,P078,2,2022-12-11
O00829,C0373,P033,4,2023-01-22
O00830,C0010,P064,2,2023-01-25
O00831,C0335,P082,1,2023-01-29
O00832,C0478,P005,4,2023-01-21
O00833,C0137,P020,3,2023-01-19
O00834,C0464,P051,5,2023-01-26
O00835,C0002,P066,4,2023-01-31
O00836,C0245,P056,4,2023-01-06
O00837,C0433,P094,1,2023-01-29
O00838,C0277,P029,1,2023-01-04
O00839,C0197,P089,4,2023-01-23
O00840,C0063,P073,5,2023-01-06
O00841,C0479,P046,3,2023-01-09
O00842,C0350,P039,4,2023-01-10
O00843,C0029,P081,1,2023-01-15
O00844,C0188,P069,3,2023-01-22
O00845,C0042,P059,3,2023-01-30
O00846,C0332,P026,2,2023-01-03
O00847,C0284,P006,4,2023-01-21
O00848,C0339,P025,3,2023-01-15
O00849,C0357,P050,1,2023-01-30
O00850,C0323,P089,3,2023-01-09
O00851,C0250,P011,4,2023-01-25
O00852,C0377,P025,2,2023-01-14
O00853,C0019,P025,1,2023-01-23
O00854,C0369,P076,2,2023-01-29
O00855,C0251,P050,1,2023-01-22
O00856,C0406,P070,3,2023-01-25
O00857,C0256,P069,4,2023-01-25
O00858,C0495,P003,1,2023-01-11
O00859,C0174,P008,3,2023-01-09
O00860,C0404,P093,1,2023-01-06
O00861,C0208,P016,2,2023-01-25
O00862,C0414,P084,5,2023-01-03
O00863,C0235,P087,5,2023-01-09
O00864,C0077,P095,5,2023-01-25
O00865,C0120,P010,1,2023-01-02
O00866,C0377,P019,4,2023-01-13
O00867,C0335,P003,4,2023-01-13
O00868,C0465,P080,1,2023-01-11
O00869,C0125,P090,2,2023-01-02
O00870,C0008,P023,1,2023-01-09
O00871,C0464,P040,1,2023-01-31
O00872,C0234,P079,2,2023-01-27
O00873,C0428,P076,1,2023-01-09
O00874,C0419,P014,1,2023-01-06
O00875,C0255,P077,5,2023-01-15
O00876,C0113,P009,2,2023-01-03
O00877,C0219,P044,4,2023-01-16
O00878,C0167,P016,5,2023-01-30
O00879,C0280,P018,3,2023-01-07
O00880,C0429,P028,1,2023-01-20
O00881,C0304,P023,3,2023-01-13
O00882,C0033,P016,3,2023-01-06
O00883,C0073,P097,4,2023-01-21
O00884,C0087,P090,3,2023-01-16
O00885,C0284,P022,4,2023-01-04
O00886,C0125,P075,1,2023-01-05
O00887,C0069,P013,5,2023-01-18
O00888,C0193,P100,2,2023-01-25
O00889,C0009,P063,1,2023-01-14
O00890,C0004,P001,2,2023-01-07
O00891,C0475,P012,5,2023-01-20
O00892,C0455,P037,4,2023-01-21
O00893,C0356,P099,4,2023-01-04
O00894,C0355,P017,2,2023-01-30
O00895,C0074,P082,3,2023-01-15
O00896,C0268,P058,4,2023-01-23
O00897,C0123,P023,5,2023-01-09
O00898,C0355,P005,5,2023-01-04
O00899,C0093,P092,4,2023-01-02
O00900,C0314,P012,3,2023-01-03
O00901,C0179,P054,1,2023-01-03
O00902,C0286,P031,2,2023-01-19
O00903,C0297,P042,4,2023-02-17
O00904,C0102,P096,3,2023-02-04
O00905,C0118,P100,1,2023-02-20
O00906,C0167,P030,1,2023-02-12
O00907,C0122,P095,4,2023-02-28
O00908,C0446,P026,4,2023-02-25
O00909,C0457,P029,1,2023-02-18
O00910,C0242,P075,4,2023-02-17
O00911,C0028,P056,2,2023-02-08
O00912,C0111,P079,4,2023-02-15
O00913,C0092,P050,3,2023-02-25
O00914,C0070,P059,2,2023-02-21
O00915,C0324,P046,3,2023-02-22
O00916,C0104,P043,2,2023-02-07
O00917,C0017,P089,5,2023-02-09
O00918,C0031,P036,2,2023-02-02
O00919,C0057,P060,4,2023-02-07
O00920,C0215,P022,3,2023-02-04
O00921,C0113,P038,5,2023-02-26
O00922,C0081,P082,5,2023-02-05
O00923,C0464,P022,5,2023-02-22
O00924,C0497,P071,2,2023-02-28
O00925,C0045,P053,5,2023-02-16
O00926,C0251,P028,5,2023-02-16
O00927,C0243,P060,3,2023-02-06
O00928,C0008,P094,4,2023-02-06
O00929,C0377,P032,2,2023-02-22
O00930,C0168,P056,5,2023-02-02
O00931,C0114,P076,2,2023-02-02
O00932,C0468,P074,1,2023-02-21
O00933,C0214,P006,1,2023-02-12
O00934,C0241,P094,5,2023-02-10
O00935,C0018,P055,5,2023-02-07
O00936,C0202,P062,1,2023-02-14
O00937,C0232,P064,2,2023-02-09
O00938,C0043,P072,1,2023-02-11
O00939,C0355,P094,4,2023-02-20
O00940,C0487,P028,2,2023-02-26
O00941,C0184,P038,2,2023-02-25
O00942,C0332,P012,1,2023-02-15
O00943,C0246,P086,3,2023-02-02
O00944,C0083,P091,4,2023-02-04
O00945,C0440,P074,5,2023-02-24
O00946,C0013,P059,4,2023-02-02
O00947,C0396,P018,4,2023-02-18
O00948,C0095,P048,4,2023-02-06
O00949,C0361,P082,1,2023-02-06
O00950,C0441,P081,1,2023-02-26
O00951,C0198,P089,3,2023-02-01
O00952,C0272,P005,3,2023-02-16
O00953,C0219,P097,3,2023-02-17
O00954,C0358,P079,5,2023-02-04
O00955,C0295,P027,1,2023-02-03
O00956,C0318,P043,1,2023-02-08
O00957,C0264,P087,3,2023-02-24
O00958,C0455,P007,1,2023-02-15
O00959,C0197,P047,4,2023-02-19
O00960,C0448,P027,5,2023-03-02
O00961,C0488,P081,1,2023-03-12
O00962,C0151,P054,5,2023-03-12
O00963,C0478,P017,4,2023-03-06
O00964,C0178,P054,4,2023-03-21
O00965,C0378,P083,1,2023-03-18
O00966,C0150,P025,1,2023-03-23
O00967,C0012,P030,5,2023-03-03
O00968,C0331,P043,4,2023-03-18
O00969,C0297,P044,3,2023-03-23
O00970,C0249,P076,5,2023-03-25
O00971,C0432,P071,4,2023-03-07
O00972,C0235,P039,5,2023-03-05
O00973,C0068,P040,2,2023-03-11
O00974,C0405,P034,2,2023-03-08
O00975,C0248,P048,3,2023-03-18
O00976,C0395,P007,2,2023-03-04
O00977,C0181,P037,4,2023-03-21
O00978,C0490,P022,5,2023-03-16
O00979,C0474,P021,5,2023-03-24
O00980,C0147,P024,2,2023-03-31
O00981,C0430,P091,2,2023-03-25
O00982,C0083,P031,1,2023-03-19
O00983,C0022,P041,5,2023-03-28
O00984,C0065,P057,3,2023-03-31
O00985,C0190,P024,2,2023-03-23
O00986,C0288,P091,1,2023-03-07
O00987,C0341,P041,3,2023-03-25
O00988,C0076,P048,4,2023-03-24
O00989,C0277,P021,5,2023-03-25
O00990,C0155,P016,1,2023-03-08
O00991,C0208,P064,2,2023-03-11
O00992,C0486,P059,3,2023-03-12
O00993,C0080,P001,5,2023-03-29
O00994,C0500,P065,3,2023-03-09
O00995,C0332,P091,3,2023-03-17
O00996,C0243,P038,5,2023-03-22
O00997,C0342,P019,5,2023-03-14
O00998,C0374,P057,3,2023-03-09
O00999,C0353,P015,4,2023-03-02
O01000,C0461,P006,2,2023-03-03
O01001,C0348,P071,1,2023-03-12
O01002,C0158,P004,4,2023-03-12
O01003,C0317,P029,4,2023-03-15
O01004,C0183,P012,3,2023-03-16
O01005,C0029,P078,2,2023-03-17
O01006,C0299,P068,2,2023-03-17
O01007,C0401,P099,3,2023-03-27
O01008,C0101,P003,1,2023-03-04
O01009,C0276,P058,1,2023-03-16
O01010,C0500,P066,4,2023-03-23
O01011,C0100,P063,3,2023-03-18
O01012,C0309,P078,5,2023-03-22
O01013,C0484,P008,3,2023-03-27
O01014,C0204,P019,4,2023-03-18
O01015,C0190,P050,3,2023-03-29
O01016,C0007,P037,3,2023-03-10
O01017,C0180,P040,4,2023-03-15
O01018,C0448,P072,1,2023-03-20
O01019,C0111,P094,4,2023-03-12
O01020,C0380,P054,4,2023-03-26
O01021,C0148,P021,4,2023-03-22
O01022,C0374,P054,2,2023-03-31
O01023,C0428,P076,5,2023-03-23
O01024,C0045,P019,2,2023-03-26
O01025,C0156,P061,5,2023-03-31
O01026,C0172,P009,5,2023-03-29
O01027,C0388,P049,1,2023-03-03
O01028,C0004,P053,3,2023-03-07
O01029,C0213,P023,5,2023-03-29
O01030,C0237,P091,5,2023-03-29
O01031,C0387,P018,2,2023-03-15
O01032,C0096,P049,3,2023-03-03
O01033,C0284,P063,1,2023-03-03
O01034,C0422,P039,5,2023-03-13
O01035,C0156,P064,5,2023-03-29
O01036,C0379,P060,2,2023-03-06
O01037,C0014,P001,2,2023-03-10
O01038,C0135,P039,4,2023-03-31
O01039,C0064,P084,3,2023-03-31
O01040,C0214,P023,4,2023-03-03
O01041,C0465,P089,2,2023-03-04
O01042,C0015,P016,3,2023-03-06
O01043,C0253,P009,5,2023-03-09
O01044,C0382,P047,5,2023-03-04
O01045,C0247,P073,4,2023-03-23
O01046,C0445,P034,4,2023-03-05
O01047,C0499,P089,1,2023-03-16
O01048,C0192,P066,5,2023-03-05
O01049,C0050,P069,5,2023-04-28
O01050,C0181,P019,1,2023-04-09
O01051,C0071,P067,3,2023-04-06
O01052,C0191,P100,4,2023-04-19
O01053,C0211,P044,2,2023-04-02
O01054,C0053,P028,2,2023-04-05
O01055,C0258,P029,2,2023-04-11
O01056,C0408,P072,5,2023-04-15
O01057,C0354,P068,5,2023-04-29
O01058,C0365,P071,1,2023-04-23
O01059,C0214,P059,1,2023-04-05
O01060,C0060,P017,1,2023-04-12
O01061,C0246,P045,3,2023-04-06
O01062,C0354,P047,2,2023-04-02
O01063,C0419,P057,5,2023-04-09
O01064,C0268,P098,3,2023-04-12
O01065,C0089,P091,3,2023-04-14
O01066,C0015,P096,1,2023-04-21
O01067,C0114,P017,2,2023-04-30
O01068,C0353,P030,3,2023-04-12
O01069,C0065,P027,2,2023-04-02
O01070,C0041,P055,1,2023-04-10
O01071,C0040,P003,4,2023-04-10
O01072,C0388,P056,1,2023-04-17
O01073,C0101,P014,1,2023-04-21
O01074,C0407,P085,5,2023-04-30
O01075,C0304,P008,4,2023-04-03
O01076,C0061,P033,1,2023-04-17
O01077,C0034,P039,1,2023-04-07
O01078,C0387,P013,1,2023-04-25
O01079,C0472,P078,2,2023-04-21
O01080,C0301,P026,2,2023-04-06
O01081,C0344,P045,1,2023-04-25
O01082,C0047,P019,3,2023-04-04
O01083,C0486,P075,3,2023-04-20
O01084,C0181,P021,5,2023-04-25
O01085,C0400,P094,5,2023-04-06
O01086,C0124,P065,5,2023-04-18
O01087,C0035,P013,5,2023-04-11
O01088,C0391,P002,5,2023-04-28
O01089,C0112,P092,2,2023-04-11
O01090,C0494,P037,2,2023-04-27
O01091,C0462,P097,5,2023-04-28
O01092,C0003,P093,1,2023-04-22
O01093,C0474,P028,5,2023-04-26
O01094,C0436,P091,4,2023-04-10
O01095,C0188,P090,5,2023-04-09
O01096,C0095,P057,1,2023-04-22
O01097,C0093,P046,4,2023-04-23
O01098,C0218,P028,5,2023-04-23
O01099,C0117,P053,1,2023-04-12
O01100,C0208,P063,5,2023-05-11
O01101,C0143,P019,4,2023-05-04
O01102,C0056,P016,3,2023-05-15
O01103,C0251,P064,2,2023-05-04
O01104,C0322,P018,1,2023-05-17
O01105,C0051,P095,1,2023-05-05
O01106,C0426,P009,4,2023-05-16
O01107,C0348,P004,2,2023-05-25
O01108,C0196,P078,3,2023-05-12
O01109,C0079,P039,5,2023-05-23
O01110,C0320,P013,1,2023-05-10
O01111,C0339,P097,5,2023-05-18
O01112,C0393,P064,4,2023-05-24
O01113,C0104,P038,4,2023-05-02
O01114,C0252,P065,3,2023-05-03
O01115,C0278,P044,5,2023-05-11
O01116,C0280,P003,1,2023-05-16
O01117,C0221,P016,4,2023-05-04
O01118,C0231,P041,4,2023-05-13
O01119,C0227,P059,1,2023-05-10
O01120,C0017,P023,5,2023-05-15
O01121,C0338,P100,3,2023-05-20
O01122,C0453,P091,2,2023-05-24
O01123,C0252,P056,2,2023-05-10
O01124,C0160,P092,4,2023-05-22
O01125,C0250,P098,1,2023-05-27
O01126,C0292,P087,4,2023-05-15
O01127,C0338,P071,5,2023-05-08
O01128,C0293,P061,4,2023-05-18
O01129,C0288,P021,5,2023-05-14
O01130,C0029,P051,3,2023-05-10
O01131,C0254,P076,4,2023-05-28
O01132,C0316,P087,3,2023-05-14
O01133,C0393,P037,3,2023-05-07
O01134,C0032,P004,5,2023-05-28
O01135,C0024,P017,3,2023-05-03
O01136,C0179,P095,5,2023-05-29
O01137,C0014,P098,3,2023-05-27
O01138,C0195,P013,4,2023-05-26
O01139,C0177,P046,4,2023-05-16
O01140,C0180,P008,2,2023-05-31
O01141,C0127,P031,3,2023-05-22
O01142,C0304,P011,1,2023-05-12
O01143,C0445,P040,1,2023-05-06
O01144,C0173,P022,1,2023-05-01
O01145,C0276,P042,1,2023-05-22
O01146,C0236,P085,4,2023-05-16
O01147,C0291,P066,4,2023-05-22
O01148,C0137,P003,4,2023-05-04
O01149,C0302,P003,3,2023-05-13
O01150,C0194,P074,4,2023-05-15
O01151,C0166,P074,1,2023-05-17
O01152,C0414,P063,1,2023-05-22
O01153,C0354,P087,2,2023-05-22
O01154,C0173,P064,5,2023-05-03
O01155,C0416,P098,3,2023-05-04
O01156,C0086,P079,3,2023-05-05
O01157,C0187,P056,2,2023-05-13
O01158,C0255,P082,1,2023-05-13
O01159,C0431,P069,2,2023-05-23
O01160,C0148,P034,1,2023-05-19
O01161,C0153,P074,4,2023-05-04
O01162,C0412,P029,5,2023-05-24
O01163,C0381,P012,5,2023-05-30
O01164,C0049,P076,3,2023-05-29
O01165,C0140,P009,5,2023-05-06
O01166,C0411,P068,4,2023-05-03
O01167,C0219,P027,3,2023-05-12
O01168,C0408,P010,3,2023-05-07
O01169,C0259,P039,4,2023-05-11
O01170,C0340,P070,3,2023-05-07
O01171,C0103,P054,4,2023-05-20
O01172,C0129,P080,5,2023-05-28
O01173,C0233,P086,5,2023-05-13
O01174,C0093,P003,5,2023-05-04
O01175,C0442,P024,5,2023-05-08
O01176,C0256,P028,4,2023-05-27
O01177,C0138,P082,5,2023-05-14
O01178,C0415,P079,4,2023-05-24
O01179,C0479,P073,1,2023-05-16
O01180,C0268,P026,3,2023-05-09
O01181,C0237,P019,2,2023-05-25
O01182,C0078,P096,3,2023-05-23
O01183,C0433,P056,4,2023-05-25
O01184,C0164,P009,2,2023-05-19
O01185,C0434,P053,3,2023-05-19
O01186,C0422,P037,2,2023-05-09
O01187,C0132,P088,5,2023-05-25
O01188,C0121,P052,2,2023-05-26
O01189,C0059,P020,2,2023-05-26
O01190,C0015,P032,3,2023-05-21
O01191,C0238,P063,5,2023-05-31
O01192,C0224,P055,1,2023-05-13
O01193,C0104,P021,3,2023-05-12
O01194,C0070,P004,3,2023-05-16
O01195,C0405,P036,5,2023-05-22
O01196,C0091,P083,1,2023-05-20
O01197,C0494,P093,4,2023-05-31
O01198,C0410,P007,2,2023-06-01
O01199,C0130,P071,4,2023-06-02
O01200,C0159,P082,3,2023-06-28
O01201,C0463,P088,1,2023-06-29
O01202,C0274,P031,4,2023-06-03
O01203,C0199,P002,4,2023-06-11
O01204,C0475,P033,3,2023-06-20
O01205,C0047,P097,2,2023-06-10
O01206,C0153,P027,2,2023-06-28
O01207,C0469,P057,3,2023-06-03
O01208,C0451,P099,4,2023-06-29
O01209,C0405,P005,3,2023-06-14
O01210,C0444,P011,4,2023-06-29
O01211,C0242,P095,4,2023-06-12
O01212,C0475,P043,4,2023-06-22
O01213,C0449,P013,2,2023-06-22
O01214,C0358,P034,5,2023-06-29
O01215,C0034,P046,4,2023-06-03
O01216,C0309,P094,5,2023-06-13
O01217,C0378,P042,4,2023-06-27
O01218,C0356,P004,1,2023-06-24
O01219,C0329,P083,2,2023-06-27
O01220,C0323,P057,2,2023-06-05
O01221,C0002,P052,2,2023-06-08
O01222,C0322,P040,3,2023-06-04
O01223,C0295,P011,1,2023-06-19
O01224,C0081,P032,5,2023-06-24
O01225,C0366,P099,2,2023-06-17
O01226,C0434,P077,4,2023-06-30
O01227,C0406,P041,4,2023-06-04
O01228,C0245,P095,2,2023-06-17
O01229,C0134,P023,5,2023-06-22
O01230,C0424,P042,3,2023-06-27
O01231,C0102,P011,4,2023-06-19
O01232,C0189,P024,4,2023-06-25
O01233,C0449,P049,5,2023-06-30
O01234,C0115,P003,1,2023-06-17
O01235,C0473,P072,5,2023-06-09
O01236,C0321,P030,1,2023-06-16
O01237,C0499,P060,2,2023-06-29
O01238,C0135,P090,2,2023-06-03
O01239,C0026,P052,5,2023-06-08
O01240,C0220,P077,3,2023-06-20
O01241,C0077,P012,3,2023-06-04
O01242,C0088,P073,1,2023-06-25
O01243,C0008,P092,5,2023-06-26
O01244,C0223,P099,4,2023-06-11
O01245,C0424,P087,4,2023-06-11
O01246,C0061,P029,2,2023-06-27
O01247,C0098,P035,3,2023-06-19
O01248,C0383,P064,4,2023-06-24
O01249,C0067,P056,2,2023-06-13
O01250,C0308,P028,3,2023-06-26
O01251,C0373,P087,2,2023-06-24
O01252,C0215,P024,4,2023-06-24
O01253,C0406,P019,1,2023-06-08
O01254,C0149,P034,2,2023-06-30
O01255,C0317,P058,2,2023-06-14
O01256,C0190,P075,4,2023-06-07
O01257,C0044,P002,4,2023-06-05
O01258,C0069,P042,4,2023-06-04
O01259,C0352,P028,4,2023-06-06
O01260,C0363,P055,5,2023-06-07
O01261,C0132,P010,1,2023-06-09
O01262,C0286,P008,1,2023-06-15
O01263,C0171,P031,4,2023-06-14
O01264,C0466,P046,5,2023-06-09
O01265,C0481,P086,5,2023-06-28
O01266,C0364,P096,1,2023-06-19
O01267,C0003,P033,5,2023-06-02
O01268,C0318,P049,3,2023-06-16
O01269,C0203,P086,3,2023-06-18
O01270,C0068,P072,1,2023-06-12
O01271,C0298,P023,3,2023-06-23
O01272,C0087,P065,4,2023-06-04
O01273,C0477,P044,4,2023-06-11
O01274,C0068,P012,3,2023-06-18
O01275,C0364,P068,4,2023-06-14
O01276,C0073,P034,1,2023-06-16
O01277,C0161,P006,2,2023-06-22
O01278,C0256,P036,3,2023-06-08
O01279,C0475,P056,3,2023-06-09
O01280,C0463,P034,5,2023-06-29
O01281,C0425,P098,3,2023-06-26
O01282,C0265,P041,4,2023-06-30
O01283,C0458,P022,3,2023-06-05
O01284,C0378,P063,2,2023-06-12
O01285,C0285,P085,4,2023-06-16
O01286,C0028,P025,2,2023-06-23
O01287,C0028,P030,2,2023-06-12
O01288,C0019,P061,3,2023-06-27
O01289,C0084,P091,4,2023-06-10
O01290,C0224,P015,4,2023-06-01
O01291,C0021,P057,3,2023-06-21
O01292,C0364,P072,4,2023-06-29
O01293,C0235,P064,1,2023-06-20
O01294,C0434,P093,2,2023-06-02
O01295,C0064,P045,1,2023-06-27
O01296,C0105,P037,2,2023-06-24
O01297,C0428,P022,5,2023-06-22
O01298,C0411,P083,3,2023-07-19
O01299,C0166,P008,1,2023-07-29
O01300,C0281,P078,4,2023-07-22
O01301,C0048,P052,3,2023-07-19
O01302,C0092,P031,4,2023-07-07
O01303,C0046,P003,2,2023-07-19
O01304,C0084,P050,4,2023-07-01
O01305,C0146,P083,2,2023-07-17
O01306,C0062,P039,4,2023-07-25
O01307,C0411,P056,3,2023-07-19
O01308,C0463,P088,5,2023-07-06
O01309,C0068,P046,1,2023-07-14
O01310,C0427,P048,5,2023-07-30
O01311,C0103,P063,4,2023-07-03
O01312,C0454,P050,4,2023-07-08
O01313,C0138,P073,5,2023-07-25
O01314,C0217,P012,4,2023-07-16
O01315,C0416,P048,5,2023-07-22
O01316,C0096,P056,4,2023-07-04
O01317,C0048,P006,5,2023-07-29
O01318,C0175,P060,2,2023-07-11
O01319,C0332,P088,2,2023-07-01
O01320,C0477,P064,5,2023-07-10
O01321,C0323,P083,5,2023-07-22
O01322,C0043,P038,4,2023-07-22
O01323,C0224,P011,4,2023-07-04
O01324,C0154,P020,2,2023-07-13
O01325,C0351,P039,2,2023-07-12
O01326,C0268,P055,3,2023-07-19
O01327,C0292,P007,5,2023-07-30
O01328,C0040,P006,5,2023-07-31
O01329,C0056,P066,4,2023-07-04
O01330,C0212,P013,4,2023-07-27
O01331,C0339,P093,5,2023-07-11
O01332,C0417,P033,3,2023-07-05
O01333,C0131,P075,1,2023-07-01
O01334,C0394,P065,1,2023-07-03
O01335,C0059,P095,4,2023-07-15
O01336,C0092,P024,4,2023-07-27
O01337,C0024,P011,4,2023-07-23
O01338,C0449,P091,3,2023-07-22
O01339,C0161,P076,4,2023-07-16
O01340,C0388,P086,4,2023-07-15
O01341,C0320,P034,3,2023-07-21
O01342,C0495,P024,2,2023-07-31
O01343,C0095,P011,5,2023-07-09
O01344,C0133,P087,1,2023-07-20
O01345,C0223,P069,1,2023-07-22
O01346,C0003,P051,1,2023-07-01
O01347,C0007,P022,4,2023-07-11
O01348,C0236,P089,4,2023-07-02
O01349,C0445,P085,5,2023-07-21
O01350,C0372,P063,3,2023-07-20
O01351,C0317,P079,3,2023-07-31
O01352,C0354,P087,4,2023-07-15
O01353,C0412,P039,1,2023-07-11
O01354,C0065,P018,1,2023-07-31
O01355,C0098,P015,1,2023-07-24
O01356,C0357,P025,1,2023-07-24
O01357,C0108,P062,2,2023-07-30
O01358,C0333,P031,4,2023-07-31
O01359,C0432,P081,5,2023-07-26
O01360,C0098,P012,3,2023-07-19
O01361,C0395,P060,2,2023-07-05
O01362,C0243,P055,1,2023-07-07
O01363,C0060,P022,2,2023-07-28
O01364,C0379,P090,4,2023-07-02
O01365,C0351,P044,5,2023-08-16
O01366,C0437,P092,4,2023-08-01
O01367,C0068,P038,4,2023-08-28
O01368,C0492,P054,3,2023-08-15
O01369,C0408,P061,2,2023-08-19
O01370,C0319,P027,3,2023-08-08
O01371,C0354,P096,1,2023-08-07
O01372,C0342,P062,2,2023-08-10
O01373,C0089,P026,2,2023-08-19
O01374,C0311,P063,1,2023-08-27
O01375,C0407,P054,4,2023-08-27
O01376,C0156,P031,2,2023-08-13
O01377,C0286,P007,1,2023-08-02
O01378,C0184,P034,3,2023-08-11
O01379,C0347,P021,2,2023-08-01
O01380,C0424,P065,1,2023-08-04
O01381,C0414,P009,3,2023-08-21
O01382,C0221,P015,5,2023-08-28
O01383,C0117,P016,5,2023-08-23
O01384,C0115,P063,3,2023-08-14
O01385,C0175,P046,1,2023-08-14
O01386,C0395,P072,3,2023-08-28
O01387,C0459,P020,5,2023-08-16
O01388,C0310,P086,1,2023-08-24
O01389,C0362,P007,4,2023-08-19
O01390,C0410,P059,1,2023-08-20
O01391,C0500,P014,5,2023-08-24
O01392,C0313,P014,5,2023-08-18
O01393,C0022,P065,1,2023-08-10
O01394,C0086,P081,1,2023-08-02
O01395,C0446,P027,3,2023-08-16
O01396,C0081,P094,3,2023-08-13
O01397,C0363,P057,5,2023-08-16
O01398,C0256,P094,1,2023-08-17
O01399,C0079,P083,3,2023-08-19
O01400,C0172,P018,1,2023-08-24
O01401,C0435,P026,4,2023-08-20
O01402,C0497,P054,1,2023-08-30
O01403,C0126,P061,3,2023-08-22
O01404,C0147,P065,2,2023-08-29
O01405,C0044,P035,3,2023-08-27
O01406,C0367,P097,4,2023-08-28
O01407,C0185,P081,2,2023-08-16
O01408,C0078,P097,5,2023-08-08
O01409,C0216,P030,2,2023-08-23
O01410,C0411,P055,4,2023-08-02
O01411,C0471,P053,4,2023-08-17
O01412,C0488,P067,3,2023-08-01
O01413,C0484,P004,4,2023-08-14
O01414,C0075,P099,1,2023-08-19
O01415,C0368,P067,1,2023-08-11
O01416,C0044,P044,3,2023-08-18
O01417,C0206,P099,2,2023-08-03
O01418,C0223,P008,4,2023-08-09
O01419,C0389,P005,2,2023-08-29
O01420,C0463,P074,1,2023-08-21
O01421,C0324,P092,5,2023-08-14
O01422,C0499,P038,4,2023-08-29
O01423,C0206,P088,5,2023-08-16
O01424,C0448,P039,3,2023-08-04
O01425,C0466,P045,1,2023-08-16
O01426,C0424,P036,5,2023-08-20
O01427,C0313,P019,4,2023-08-31
O01428,C0229,P083,2,2023-08-21
O01429,C0455,P070,5,2023-08-12
O01430,C0404,P080,4,2023-08-15
O01431,C0358,P045,4,2023-08-23
O01432,C0398,P026,3,2023-08-14
O01433,C0044,P005,5,2023-08-01
O01434,C0172,P050,2,2023-08-06
O01435,C0267,P070,3,2023-08-10
O01436,C0110,P012,5,2023-08-24
O01437,C0283,P040,5,2023-08-07
O01438,C0175,P097,2,2023-08-16
O01439,C0012,P004,5,2023-08-12
O01440,C0304,P034,2,2023-08-15
O01441,C0427,P100,3,2023-08-08
O01442,C0372,P055,5,2023-08-17
O01443,C0057,P094,1,2023-08-08
O01444,C0431,P048,3,2023-08-19
O01445,C0322,P065,3,2023-08-30
O01446,C0218,P017,4,2023-09-02
O01447,C0110,P058,1,2023-09-25
O01448,C0190,P087,5,2023-09-21
O01449,C0207,P076,5,2023-09-04
O01450,C0266,P100,4,2023-09-15
O01451,C0447,P034,5,2023-09-10
O01452,C0256,P082,4,2023-09-19
O01453,C0226,P089,4,2023-09-24
O01454,C0375,P054,2,2023-09-01
O01455,C0074,P065,2,2023-09-15
O01456,C0249,P092,4,2023-09-11
O01457,C0067,P091,5,2023-09-08
O01458,C0442,P068,1,2023-09-26
O01459,C0356,P028,4,2023-09-24
O01460,C0243,P005,2,2023-09-19
O01461,C0484,P072,3,2023-09-19
O01462,C0472,P016,5,2023-09-23
O01463,C0437,P053,1,2023-09-29
O01464,C0062,P048,5,2023-09-21
O01465,C0149,P006,5,2023-09-22
O01466,C0079,P016,3,2023-09-18
O01467,C0157,P048,3,2023-09-28
O01468,C0151,P063,1,2023-09-20
O01469,C0406,P019,2,2023-09-08
O01470,C0402,P076,4,2023-09-12
O01471,C0025,P040,3,2023-09-10
O01472,C0111,P024,4,2023-09-10
O01473,C0002,P016,5,2023-09-22
O01474,C0179,P009,1,2023-09-26
O01475,C0214,P062,5,2023-09-27
O01476,C0159,P073,4,2023-09-23
O01477,C0461,P044,4,2023-09-19
O01478,C0244,P093,5,2023-09-22
O01479,C0068,P098,2,2023-09-05
O01480,C0259,P082,4,2023-09-23
O01481,C0390,P058,4,2023-09-13
O01482,C0077,P094,3,2023-09-17
O01483,C0046,P080,5,2023-09-24
O01484,C0210,P050,2,2023-09-08
O01485,C0461,P051,3,2023-09-04
O01486,C0277,P006,4,2023-09-11
O01487,C0377,P036,1,2023-09-17
O01488,C0444,P022,1,2023-09-19
O01489,C0293,P081,3,2023-09-07
O01490,C0288,P083,1,2023-09-27
O01491,C0330,P072,1,2023-09-25
O01492,C0099,P080,5,2023-09-12
O01493,C0296,P097,1,2023-09-15
O01494,C0491,P073,5,2023-09-04
O01495,C0097,P097,4,2023-09-05
O01496,C0258,P003,1,2023-09-23
O01497,C0338,P069,2,2023-09-14
O01498,C0493,P003,3,2023-09-27
O01499,C0403,P027,2,2023-09-14
O01500,C0425,P091,5,2023-09-03
O01501,C0228,P011,5,2023-09-03
O01502,C0311,P042,4,2023-09-02
O01503,C0346,P013,2,2023-10-02
O01504,C0391,P072,2,2023-10-16
O01505,C0156,P073,4,2023-10-28
O01506,C0229,P011,5,2023-10-30
O01507,C0105,P019,3,2023-10-01
O01508,C0277,P022,2,2023-10-11
O01509,C0276,P055,5,2023-10-14
O01510,C0232,P006,1,2023-10-06
O01511,C0417,P060,5,2023-10-14
O01512,C0149,P084,2,2023-10-01
O01513,C0001,P008,4,2023-10-28
O01514,C0140,P077,3,2023-10-17
O01515,C0430,P088,4,2023-10-11
O01516,C0180,P081,2,2023-10-13
O01517,C0300,P066,3,2023-10-09
O01518,C0024,P021,5,2023-10-03
O01519,C0289,P009,3,2023-10-04
O01520,C0046,P051,1,2023-10-04
O01521,C0426,P018,5,2023-10-18
O01522,C0144,P056,2,2023-10-06
O01523,C0313,P065,3,2023-10-10
O01524,C0453,P088,3,2023-10-05
O01525,C0326,P034,4,2023-10-06
O01526,C0140,P032,3,2023-10-09
O01527,C0175,P027,4,2023-10-25
O01528,C0492,P077,3,2023-10-03
O01529,C0009,P089,2,2023-10-05
O01530,C0331,P001,5,2023-10-10
O01531,C0244,P001,1,2023-10-31
O01532,C0345,P023,4,2023-10-14
O01533,C0285,P090,4,2023-10-22
O01534,C0391,P051,5,2023-10-06
O01535,C0042,P084,1,2023-10-02
O01536,C0276,P004,4,2023-10-20
O01537,C0345,P016,3,2023-10-31
O01538,C0498,P049,5,2023-10-11
O01539,C0184,P050,2,2023-10-06
O01540,C0430,P099,1,2023-10-01
O01541,C0064,P060,3,2023-10-23
O01542,C0480,P025,4,2023-10-02
O01543,C0005,P029,1,2023-10-10
O01544,C0389,P036,3,2023-10-13
O01545,C0099,P012,5,2023-10-04
O01546,C0321,P039,2,2023-10-11
O01547,C0120,P064,3,2023-10-05
O01548,C0019,P036,4,2023-10-14
O01549,C0464,P091,5,2023-10-29
O01550,C0108,P001,2,2023-10-11
O01551,C0421,P082,4,2023-10-09
O01552,C0057,P036,5,2023-10-13
O01553,C0257,P064,2,2023-10-31
O01554,C0283,P025,5,2023-10-27
O01555,C0345,P088,5,2023-10-29
O01556,C0290,P023,1,2023-10-04
O01557,C0302,P017,1,2023-10-02
O01558,C0066,P034,5,2023-10-07
O01559,C0439,P030,5,2023-10-08
O01560,C0374,P036,2,2023-10-25
O01561,C0435,P087,1,2023-10-20
O01562,C0497,P089,5,2023-10-19
O01563,C0315,P033,5,2023-10-08
O01564,C0453,P059,1,2023-10-16
O01565,C0481,P055,1,2023-10-17
O01566,C0438,P042,4,2023-10-25
O01567,C0433,P053,3,2023-10-17
O01568,C0063,P088,5,2023-10-13
O01569,C0239,P064,3,2023-10-31
O01570,C0265,P098,1,2023-10-04
O01571,C0453,P093,2,2023-10-09
O01572,C0025,P036,4,2023-10-02
O01573,C0273,P058,3,2023-10-11
O01574,C0003,P051,2,2023-10-15
O01575,C0172,P011,5,2023-10-18
O01576,C0414,P004,2,2023-10-14
O01577,C0354,P055,1,2023-10-03
O01578,C0470,P032,2,2023-10-16
O01579,C0085,P043,3,2023-10-01
O01580,C0033,P081,1,2023-10-14
O01581,C0015,P062,4,2023-10-21
O01582,C0414,P004,5,2023-10-08
O01583,C0409,P081,3,2023-10-30
O01584,C0431,P033,2,2023-10-29
O01585,C0056,P061,2,2023-10-01
O01586,C0491,P044,1,2023-10-09
O01587,C0421,P043,5,2023-10-18
O01588,C0407,P031,1,2023-10-31
O01589,C0398,P077,5,2023-10-19
O01590,C0294,P017,5,2023-11-25
O01591,C0132,P046,4,2023-11-04
O01592,C0247,P093,5,2023-11-21
O01593,C0228,P024,2,2023-11-15
O01594,C0071,P006,1,2023-11-19
O01595,C0066,P040,5,2023-11-04
O01596,C0224,P066,3,2023-11-03
O01597,C0160,P075,5,2023-11-02
O01598,C0398,P019,2,2023-11-30
O01599,C0241,P040,5,2023-11-02
O01600,C0176,P038,3,2023-11-13
O01601,C0497,P002,5,2023-11-11
O01602,C0301,P085,2,2023-11-29
O01603,C0030,P031,5,2023-11-28
O01604,C0420,P072,1,2023-11-23
O01605,C0217,P045,2,2023-11-03
O01606,C0500,P026,2,2023-11-26
O01607,C0403,P009,3,2023-11-05
O01608,C0097,P086,4,2023-11-02
O01609,C0356,P089,4,2023-11-30
O01610,C0308,P089,3,2023-11-26
O01611,C0437,P075,5,2023-11-15
O01612,C0494,P043,5,2023-11-02
O01613,C0154,P054,3,2023-11-10
O01614,C0084,P014,4,2023-11-20
O01615,C0449,P006,4,2023-11-21
O01616,C0113,P001,2,2023-11-14
O01617,C0355,P030,4,2023-11-03
O01618,C0320,P028,2,2023-11-04
O01619,C0247,P095,3,2023-11-22
O01620,C0414,P095,4,2023-11-02
O01621,C0106,P052,2,2023-11-18
O01622,C0423,P001,3,2023-11-02
O01623,C0006,P010,3,2023-11-10
O01624,C0016,P072,1,2023-11-28
O01625,C0073,P038,4,2023-11-13
O01626,C0100,P081,5,2023-11-13
O01627,C0468,P098,3,2023-11-04
O01628,C0023,P004,2,2023-11-20
O01629,C0102,P037,2,2023-11-25
O01630,C0113,P034,2,2023-11-14
O01631,C0174,P071,2,2023-11-08
O01632,C0092,P026,1,2023-11-28
O01633,C0091,P034,1,2023-11-20
O01634,C0011,P087,2,2023-11-26
O01635,C0195,P084,1,2023-11-22
O01636,C0174,P027,3,2023-11-20
O01637,C0234,P031,3,2023-11-01
O01638,C0415,P048,2,2023-11-15
O01639,C0482,P068,5,2023-11-13
O01640,C0452,P056,1,2023-11-15
O01641,C0061,P019,2,2023-11-26
O01642,C0407,P025,2,2023-11-14
O01643,C0273,P049,3,2023-11-29
O01644,C0163,P077,4,2023-11-20
O01645,C0326,P032,1,2023-11-20
O01646,C0391,P079,5,2023-11-04
O01647,C0097,P069,3,2023-11-11
O01648,C0405,P020,3,2023-11-21
O01649,C0127,P007,3,2023-11-22
O01650,C0447,P017,5,2023-11-26
O01651,C0496,P075,4,2023-11-01
O01652,C0108,P094,1,2023-11-15
O01653,C0402,P061,5,2023-11-17
O01654,C0034,P022,5,2023-11-11
O01655,C0199,P097,5,2023-11-19
O01656,C0192,P064,5,2023-11-07
O01657,C0238,P023,3,2023-11-04
O01658,C0365,P048,5,2023-11-04
O01659,C0356,P062,4,2023-11-01
O01660,C0243,P035,5,2023-11-20
O01661,C0206,P082,5,2023-11-23
O01662,C0333,P005,2,2023-11-03
O01663,C0113,P026,4,2023-11-19
O01664,C0442,P031,4,2023-11-26
O01665,C0112,P040,4,2023-11-27
O01666,C0456,P049,5,2023-11-07
O01667,C0081,P048,3,2023-11-29
O01668,C0485,P052,5,2023-12-03
O01669,C0388,P084,1,2023-12-05
O01670,C0242,P084,5,2023-12-25
O01671,C0390,P020,4,2023-12-03
O01672,C0117,P030,2,2023-12-10
O01673,C0243,P030,5,2023-12-15
O01674,C0301,P071,4,2023-12-17
O01675,C0370,P060,3,2023-12-12
O01676,C0406,P011,3,2023-12-08
O01677,C0434,P025,4,2023-12-19
O01678,C0395,P090,4,2023-12-02
O01679,C0108,P057,4,2023-12-15
O01680,C0437,P072,1,2023-12-17
O01681,C0192,P018,5,2023-12-20
O01682,C0448,P017,3,2023-12-11
O01683,C0483,P095,1,2023-12-14
O01684,C0256,P085,3,2023-12-15
O01685,C0174,P029,4,2023-12-15
O01686,C0218,P088,4,2023-12-14
O01687,C0391,P100,5,2023-12-14
O01688,C0154,P042,5,2023-12-12
O01689,C0012,P073,1,2023-12-26
O01690,C0473,P018,2,2023-12-16
O01691,C0488,P043,5,2023-12-11
O01692,C0323,P078,5,2023-12-09
O01693,C0294,P051,4,2023-12-13
O01694,C0105,P051,1,2023-12-01
O01695,C0274,P050,2,2023-12-06
O01696,C0244,P014,3,2023-12-15
O01697,C0292,P058,3,2023-12-08
O01698,C0048,P022,1,2023-12-09
O01699,C0346,P071,2,2023-12-21
O01700,C0017,P089,5,2023-12-03
O01701,C0251,P004,2,2023-12-12
O01702,C0102,P009,4,2023-12-29
O01703,C0146,P027,2,2023-12-03
O01704,C0150,P085,5,2023-12-10
O01705,C0036,P059,1,2023-12-27
O01706,C0189,P067,1,2023-12-17
O01707,C0088,P042,4,2023-12-17
O01708,C0201,P021,1,2023-12-18
O01709,C0067,P069,4,2023-12-21
O01710,C0245,P096,1,2023-12-03
O01711,C0200,P027,2,2023-12-26
O01712,C0446,P027,3,2023-12-09
O01713,C0222,P091,4,2023-12-30
O01714,C0082,P078,5,2023-12-08
O01715,C0481,P040,5,2023-12-04
O01716,C0104,P065,4,2023-12-04
O01717,C0142,P026,1,2023-12-03
O01718,C0074,P058,1,2023-12-12
O01719,C0423,P052,5,2023-12-02
O01720,C0414,P032,5,2023-12-18
O01721,C0169,P073,4,2023-12-07
O01722,C0236,P060,5,2023-12-11
O01723,C0021,P095,1,2023-12-07
O01724,C0148,P083,4,2023-12-22
O01725,C0178,P090,3,2023-12-11
O01726,C0201,P079,2,2023-12-09
O01727,C0213,P032,2,2023-12-10
O01728,C0461,P080,4,2023-12-24
O01729,C0235,P050,2,2023-12-27
O01730,C0358,P073,1,2023-12-25
O01731,C0202,P090,1,2023-12-22
O01732,C0123,P021,3,2023-12-28
O01733,C0452,P081,5,2023-12-09
O01734,C0150,P086,1,2023-12-07
O01735,C0358,P093,2,2023-12-23
O01736,C0466,P064,4,2023-12-20
O01737,C0391,P071,1,2023-12-05
O01738,C0189,P010,1,2023-12-28
O01739,C0259,P099,3,2023-12-25
O01740,C0210,P058,2,2023-12-23
O01741,C0130,P027,5,2023-12-24
O01742,C0023,P060,1,2023-12-18
O01743,C0038,P082,4,2023-12-30
O01744,C0196,P044,4,2023-12-09
O01745,C0439,P025,4,2023-12-01
O01746,C0020,P002,3,2023-12-25
O01747,C0059,P091,2,2023-12-10
O01748,C0168,P086,4,2023-12-10
O01749,C0249,P060,1,2023-12-27
O01750,C0043,P071,2,2023-12-12
O01751,C0366,P057,2,2023-12-26
O01752,C0242,P036,2,2023-12-13
O01753,C0009,P054,1,2024-01-27
O01754,C0008,P044,2,2024-01-01
O01755,C0349,P086,1,2024-01-20
O01756,C0113,P013,2,2024-01-04
O01757,C0371,P022,1,2024-01-06
O01758,C0213,P066,1,2024-01-10
O01759,C0418,P042,3,2024-01-04
O01760,C0288,P081,2,2024-01-18
O01761,C0320,P027,5,2024-01-24
O01762,C0203,P055,1,2024-01-13
O01763,C0119,P028,1,2024-01-06
O01764,C0183,P042,2,2024-01-03
O01765,C0008,P052,3,2024-01-22
O01766,C0007,P050,2,2024-01-25
O01767,C0235,P029,1,2024-01-01
O01768,C0337,P036,5,2024-01-22
O01769,C0189,P006,1,2024-01-09
O01770,C0454,P028,4,2024-01-05
O01771,C0155,P099,5,2024-01-15
O01772,C0256,P014,5,2024-01-12
O01773,C0406,P073,2,2024-01-06
O01774,C0129,P013,5,2024-01-07
O01775,C0167,P081,4,2024-01-23
O01776,C0348,P099,2,2024-01-02
O01777,C0171,P023,3,2024-01-29
O01778,C0436,P086,4,2024-01-22
O01779,C0035,P043,1,2024-01-18
O01780,C0312,P075,4,2024-01-07
O01781,C0196,P066,2,2024-01-15
O01782,C0258,P076,1,2024-01-23
O01783,C0120,P003,5,2024-01-02
O01784,C0389,P016,3,2024-01-27
O01785,C0122,P095,4,2024-01-21
O01786,C0388,P032,5,2024-01-26
O01787,C0041,P008,2,2024-01-17
O01788,C0192,P064,3,2024-01-21
O01789,C0104,P020,4,2024-01-22
O01790,C0105,P083,1,2024-01-23
O01791,C0122,P093,5,2024-01-22
O01792,C0485,P057,3,2024-01-29
O01793,C0069,P036,3,2024-01-04
O01794,C0330,P098,1,2024-01-13
O01795,C0267,P054,3,2024-01-23
O01796,C0385,P004,2,2024-01-10
O01797,C0434,P094,3,2024-01-15
O01798,C0176,P032,2,2024-01-02
O01799,C0277,P007,2,2024-01-20
O01800,C0411,P088,2,2024-01-01
O01801,C0312,P049,5,2024-01-02
O01802,C0165,P024,4,2024-01-25
O01803,C0323,P001,1,2024-01-13
O01804,C0446,P063,1,2024-01-25
O01805,C0489,P025,1,2024-01-07
O01806,C0325,P019,2,2024-01-30
O01807,C0065,P012,2,2024-01-08
O01808,C0304,P071,2,2024-01-12
O01809,C0121,P065,1,2024-01-30
O01810,C0219,P093,4,2024-01-08
O01811,C0160,P022,2,2024-01-07
O01812,C0126,P055,2,2024-01-03
O01813,C0224,P033,3,2024-02-08
O01814,C0261,P091,4,2024-02-10
O01815,C0326,P089,3,2024-02-10
O01816,C0357,P008,4,2024-02-19
O01817,C0475,P055,2,2024-02-15
O01818,C0125,P062,1,2024-02-21
O01819,C0472,P047,1,2024-02-07
O01820,C0358,P086,2,2024-02-09
O01821,C0134,P078,4,2024-02-28
O01822,C0484,P088,2,2024-02-26
O01823,C0131,P032,5,2024-02-16
O01824,C0297,P085,2,2024-02-03
O01825,C0007,P015,1,2024-02-12
O01826,C0330,P092,4,2024-02-13
O01827,C0204,P091,5,2024-02-13
O01828,C0499,P011,5,2024-02-06
O01829,C0466,P025,4,2024-02-16
O01830,C0085,P055,3,2024-02-15
O01831,C0355,P039,5,2024-02-14
O01832,C0496,P069,4,2024-02-17
O01833,C0301,P040,4,2024-02-20
O01834,C0386,P094,1,2024-02-24
O01835,C0056,P082,5,2024-02-14
O01836,C0398,P045,2,2024-02-25
O01837,C0138,P096,2,2024-02-05
O01838,C0477,P096,4,2024-02-27
O01839,C0358,P040,1,2024-02-26
O01840,C0087,P063,1,2024-02-16
O01841,C0050,P009,4,2024-02-01
O01842,C0269,P054,3,2024-02-25
O01843,C0376,P056,2,2024-02-13
O01844,C0091,P048,2,2024-02-14
O01845,C0361,P018,2,2024-02-28
O01846,C0250,P024,5,2024-02-03
O01847,C0486,P015,4,2024-02-25
O01848,C0291,P028,2,2024-02-10
O01849,C0103,P008,2,2024-02-20
O01850,C0415,P098,2,2024-02-18
O01851,C0133,P053,4,2024-02-05
O01852,C0321,P080,1,2024-02-18
O01853,C0445,P082,2,2024-02-24
O01854,C0041,P038,1,2024-02-06
O01855,C0194,P016,3,2024-02-09
O01856,C0033,P044,1,2024-02-13
O01857,C0300,P031,4,2024-02-15
O01858,C0249,P087,1,2024-02-10
O01859,C0005,P008,3,2024-02-15
O01860,C0385,P001,5,2024-02-10
O01861,C0405,P006,1,2024-02-13
O01862,C0109,P067,1,2024-02-18
O01863,C0193,P078,5,2024-02-20
O01864,C0493,P098,3,2024-02-16
O01865,C0478,P063,4,2024-02-03
O01866,C0388,P044,5,2024-02-11
O01867,C0220,P044,3,2024-02-05
O01868,C0350,P044,3,2024-02-23
O01869,C0419,P031,3,2024-02-16
O01870,C0341,P052,4,2024-02-07
O01871,C0313,P008,3,2024-02-05
O01872,C0448,P043,1,2024-02-07
O01873,C0002,P059,4,2024-02-01
O01874,C0372,P018,1,2024-02-01
O01875,C0309,P016,5,2024-02-28
O01876,C0144,P090,2,2024-02-17
O01877,C0189,P058,5,2024-02-24
O01878,C0352,P085,4,2024-02-24
O01879,C0264,P053,2,2024-02-12
O01880,C0002,P082,3,2024-02-16
O01881,C0009,P082,3,2024-02-13
O01882,C0448,P006,3,2024-02-14
O01883,C0348,P057,2,2024-02-13
O01884,C0311,P063,4,2024-02-24
O01885,C0379,P079,1,2024-02-12
O01886,C0179,P055,4,2024-02-13
O01887,C0338,P090,1,2024-02-16
O01888,C0376,P050,3,2024-02-10
O01889,C0311,P025,2,2024-02-21
O01890,C0446,P067,5,2024-02-19
O01891,C0402,P092,5,2024-02-03
O01892,C0017,P017,4,2024-02-14
O01893,C0408,P012,3,2024-02-29
O01894,C0427,P087,5,2024-02-02
O01895,C0448,P060,2,2024-02-04
O01896,C0459,P058,1,2024-02-13
O01897,C0247,P085,5,2024-02-19
O01898,C0124,P032,2,2024-02-06
O01899,C0088,P097,1,2024-02-07
O01900,C0055,P056,1,2024-02-25
O01901,C0175,P095,5,2024-03-30
O01902,C0480,P025,1,2024-03-30
O01903,C0294,P048,2,2024-03-11
O01904,C0437,P041,4,2024-03-29
O01905,C0296,P095,1,2024-03-13
O01906,C0160,P008,5,2024-03-25
O01907,C0275,P025,4,2024-03-09
O01908,C0217,P041,3,2024-03-08
O01909,C0409,P087,2,2024-03-24
O01910,C0267,P085,5,2024-03-09
O01911,C0303,P029,1,2024-03-22
O01912,C0203,P002,5,2024-03-16
O01913,C0437,P059,3,2024-03-31
O01914,C0075,P038,2,2024-03-29
O01915,C0256,P088,4,2024-03-22
O01916,C0076,P077,3,2024-03-04
O01917,C0075,P096,1,2024-03-22
O01918,C0307,P041,3,2024-03-05
O01919,C0258,P089,1,2024-03-30
O01920,C0141,P091,5,2024-03-18
O01921,C0245,P081,2,2024-03-21
O01922,C0254,P038,4,2024-03-24
O01923,C0031,P043,2,2024-03-16
O01924,C0424,P092,2,2024-03-03
O01925,C0435,P094,2,2024-03-26
O01926,C0359,P095,1,2024-03-23
O01927,C0473,P100,2,2024-03-11
O01928,C0439,P063,4,2024-03-28
O01929,C0154,P085,2,2024-03-08
O01930,C0012,P071,4,2024-03-30
O01931,C0173,P055,4,2024-03-19
O01932,C0179,P097,4,2024-03-25
O01933,C0201,P010,5,2024-03-30
O01934,C0373,P037,3,2024-03-20
O01935,C0357,P025,5,2024-03-03
O01936,C0202,P013,2,2024-03-21
O01937,C0166,P097,5,2024-03-11
O01938,C0444,P007,3,2024-03-13
O01939,C0235,P084,2,2024-03-30
O01940,C0296,P018,4,2024-03-23
O01941,C0357,P062,3,2024-03-24
O01942,C0460,P019,2,2024-03-24
O01943,C0112,P096,2,2024-03-24
O01944,C0377,P084,1,2024-03-13
O01945,C0186,P093,5,2024-03-21
O01946,C0053,P087,2,2024-03-21
O01947,C0193,P055,2,2024-03-26
O01948,C0475,P008,1,2024-03-18
O01949,C0183,P061,2,2024-03-31
O01950,C0484,P007,1,2024-03-28
O01951,C0264,P084,3,2024-03-14
O01952,C0304,P056,2,2024-03-26
O01953,C0322,P093,4,2024-03-08
O01954,C0126,P005,1,2024-03-08
O01955,C0124,P051,4,2024-03-09
O01956,C0155,P089,5,2024-03-04
O01957,C0489,P023,4,2024-03-10
O01958,C0398,P089,1,2024-03-03
O01959,C0399,P060,4,2024-03-04
O01960,C0141,P081,4,2024-03-03
O01961,C0003,P072,4,2024-04-01
O01962,C0410,P041,1,2024-04-04
O01963,C0021,P017,5,2024-04-04
O01964,C0106,P084,2,2024-04-03
O01965,C0045,P072,3,2024-04-04
O01966,C0436,P097,1,2024-04-16
O01967,C0044,P016,5,2024-04-21
O01968,C0153,P047,5,2024-04-22
O01969,C0088,P055,1,2024-04-30
O01970,C0128,P039,1,2024-04-17
O01971,C0485,P067,3,2024-04-08
O01972,C0338,P069,4,2024-04-01
O01973,C0072,P074,4,2024-04-19
O01974,C0356,P041,5,2024-04-19
O01975,C0467,P046,5,2024-04-19
O01976,C0276,P066,2,2024-04-16
O01977,C0353,P013,1,2024-04-09
O01978,C0122,P005,2,2024-04-23
O01979,C0073,P039,2,2024-04-24
O01980,C0491,P018,5,2024-04-04
O01981,C0283,P028,5,2024-04-26
O01982,C0184,P036,2,2024-04-19
O01983,C0374,P080,4,2024-04-06
O01984,C0039,P071,3,2024-04-13
O01985,C0134,P049,2,2024-04-16
O01986,C0205,P059,1,2024-04-21
O01987,C0484,P033,4,2024-04-23
O01988,C0482,P089,2,2024-04-14
O01989,C0275,P027,1,2024-04-10
O01990,C0323,P094,3,2024-04-19
O01991,C0325,P090,2,2024-04-05
O01992,C0366,P048,5,2024-04-04
O01993,C0337,P083,5,2024-04-11
O01994,C0310,P021,4,2024-04-03
O01995,C0421,P020,3,2024-04-23
O01996,C0404,P056,4,2024-04-30
O01997,C0014,P078,2,2024-04-28
O01998,C0040,P035,1,2024-04-26
O01999,C0273,P015,5,2024-04-18
O02000,C0209,P009,3,2024-04-06
O02001,C0328,P012,3,2024-04-13
O02002,C0466,P043,3,2024-04-27
O02003,C0075,P029,3,2024-04-23
O02004,C0006,P013,4,2024-04-01
O02005,C0497,P029,4,2024-04-13
O02006,C0488,P014,1,2024-04-18
O02007,C0090,P068,3,2024-04-27
O02008,C0302,P063,1,2024-04-18
O02009,C0271,P045,5,2024-04-26
O02010,C0444,P037,5,2024-04-26
O02011,C0139,P078,1,2024-04-17
O02012,C0460,P007,2,2024-04-16
O02013,C0163,P097,4,2024-04-03
O02014,C0093,P045,5,2024-04-17
O02015,C0283,P077,4,2024-04-27
O02016,C0245,P076,2,2024-04-19
O02017,C0133,P002,5,2024-04-18
O02018,C0366,P020,2,2024-04-23
O02019,C0074,P049,5,2024-04-27
O02020,C0377,P035,1,2024-04-26
O02021,C0471,P093,3,2024-04-21
O02022,C0363,P100,2,2024-04-04
O02023,C0348,P078,4,2024-04-25
O02024,C0362,P059,2,2024-04-25
O02025,C0225,P046,4,2024-04-07
O02026,C0258,P037,3,2024-04-22
O02027,C0488,P055,5,2024-04-29
O02028,C0483,P092,2,2024-04-04
O02029,C0157,P082,1,2024-04-06
O02030,C0486,P040,4,2024-04-28
O02031,C0395,P041,1,2024-04-20
O02032,C0325,P011,1,2024-04-23
O02033,C0374,P031,1,2024-04-06
O02034,C0452,P098,5,2024-05-19
O02035,C0463,P029,2,2024-05-02
O02036,C0039,P047,2,2024-05-03
O02037,C0264,P046,1,2024-05-24
O02038,C0217,P064,4,2024-05-10
O02039,C0088,P048,1,2024-05-18
O02040,C0174,P087,2,2024-05-30
O02041,C0426,P070,1,2024-05-16
O02042,C0149,P039,4,2024-05-26
O02043,C0151,P034,2,2024-05-28
O02044,C0002,P095,5,2024-05-01
O02045,C0202,P028,3,2024-05-31
O02046,C0476,P083,5,2024-05-31
O02047,C0423,P005,4,2024-05-14
O02048,C0457,P080,4,2024-05-22
O02049,C0030,P046,1,2024-05-17
O02050,C0316,P059,3,2024-05-30
O02051,C0153,P046,1,2024-05-24
O02052,C0003,P045,2,2024-05-05
O02053,C0206,P046,1,2024-05-16
O02054,C0052,P056,4,2024-05-16
O02055,C0102,P011,5,2024-05-17
O02056,C0264,P020,4,2024-05-22
O02057,C0064,P063,1,2024-05-22
O02058,C0080,P099,3,2024-05-29
O02059,C0116,P061,4,2024-05-18
O02060,C0192,P039,3,2024-05-23
O02061,C0220,P024,5,2024-05-04
O02062,C0416,P035,1,2024-05-13
O02063,C0225,P085,4,2024-05-01
O02064,C0083,P018,3,2024-05-20
O02065,C0383,P056,1,2024-05-07
O02066,C0184,P091,2,2024-05-30
O02067,C0057,P025,3,2024-05-27
O02068,C0021,P018,4,2024-05-24
O02069,C0216,P096,3,2024-05-01
O02070,C0462,P005,2,2024-05-23
O02071,C0342,P026,4,2024-05-14
O02072,C0492,P086,3,2024-05-23
O02073,C0061,P054,4,2024-05-18
O02074,C0282,P064,2,2024-05-24
O02075,C0167,P097,4,2024-05-12
O02076,C0257,P093,4,2024-05-08
O02077,C0068,P015,1,2024-05-24
O02078,C0406,P003,2,2024-05-22
O02079,C0080,P045,5,2024-05-31
O02080,C0007,P099,2,2024-05-30
O02081,C0027,P087,3,2024-05-27
O02082,C0220,P077,1,2024-05-29
O02083,C0223,P062,3,2024-05-31
O02084,C0145,P063,1,2024-05-17
O02085,C0390,P055,2,2024-05-22
O02086,C0317,P020,5,2024-05-20
O02087,C0096,P032,3,2024-05-02
O02088,C0393,P015,3,2024-05-20
O02089,C0359,P032,4,2024-05-15
O02090,C0102,P061,1,2024-05-31
O02091,C0359,P094,5,2024-05-06
O02092,C0313,P024,2,2024-05-22
O02093,C0438,P076,2,2024-05-30
O02094,C0058,P013,1,2024-06-04
O02095,C0350,P071,2,2024-06-05
O02096,C0170,P047,3,2024-06-13
O02097,C0381,P100,5,2024-06-02
O02098,C0271,P078,3,2024-06-09
O02099,C0122,P084,3,2024-06-07
O02100,C0108,P075,4,2024-06-30
O02101,C0045,P014,2,2024-06-05
O02102,C0323,P096,5,2024-06-14
O02103,C0062,P006,5,2024-06-01
O02104,C0496,P084,2,2024-06-20
O02105,C0099,P091,4,2024-06-07
O02106,C0474,P013,1,2024-06-03
O02107,C0483,P070,5,2024-06-28
O02108,C0176,P039,4,2024-06-02
O02109,C0390,P026,5,2024-06-13
O02110,C0370,P020,1,2024-06-14
O02111,C0066,P025,4,2024-06-17
O02112,C0282,P092,3,2024-06-10
O02113,C0457,P098,5,2024-06-23
O02114,C0500,P045,3,2024-06-21
O02115,C0230,P081,1,2024-06-08
O02116,C0467,P056,1,2024-06-08
O02117,C0248,P054,5,2024-06-11
O02118,C0477,P065,1,2024-06-14
O02119,C0086,P077,3,2024-06-16
O02120,C0357,P017,3,2024-06-02
O02121,C0024,P073,1,2024-06-17
O02122,C0407,P089,2,2024-06-14
O02123,C0380,P051,4,2024-06-21
O02124,C0351,P069,5,2024-06-02
O02125,C0498,P010,2,2024-06-10
O02126,C0225,P097,5,2024-06-04
O02127,C0197,P072,4,2024-06-09
O02128,C0206,P078,3,2024-06-12
O02129,C0106,P024,1,2024-06-09
O02130,C0082,P074,2,2024-06-12
O02131,C0304,P090,1,2024-06-23
O02132,C0451,P066,4,2024-06-14
O02133,C0258,P091,5,2024-06-08
O02134,C0133,P039,2,2024-06-11
O02135,C0152,P091,3,2024-06-29
O02136,C0283,P016,2,2024-06-02
O02137,C0115,P006,5,2024-06-06
O02138,C0122,P038,1,2024-06-02
O02139,C0328,P019,3,2024-06-01
O02140,C0475,P018,3,2024-06-02
O02141,C0448,P007,2,2024-06-22
O02142,C0422,P027,5,2024-06-24
O02143,C0060,P001,3,2024-06-11
O02144,C0324,P078,3,2024-06-07
O02145,C0167,P011,5,2024-06-10
O02146,C0136,P093,2,2024-06-16
O02147,C0210,P079,3,2024-06-09
O02148,C0167,P008,1,2024-06-30
O02149,C0422,P046,2,2024-06-20
O02150,C0375,P036,2,2024-06-04
O02151,C0132,P003,5,2024-06-14
O02152,C0337,P100,5,2024-06-06
O02153,C0055,P093,4,2024-06-09
O02154,C0485,P084,3,2024-06-16
O02155,C0446,P081,5,2024-06-12
O02156,C0283,P027,4,2024-06-11
O02157,C0113,P042,3,2024-06-10
O02158,C0011,P015,1,2024-07-19
O02159,C0391,P083,1,2024-07-21
O02160,C0068,P032,1,2024-07-26
O02161,C0138,P019,5,2024-07-28
O02162,C0007,P002,1,2024-07-25
O02163,C0278,P095,3,2024-07-13
O02164,C0437,P091,1,2024-07-05
O02165,C0104,P018,4,2024-07-15
O02166,C0389,P073,4,2024-07-08
O02167,C0418,P021,3,2024-07-24
O02168,C0170,P062,2,2024-07-24
O02169,C0125,P008,5,2024-07-14
O02170,C0355,P035,5,2024-07-12
O02171,C0064,P003,1,2024-07-05
O02172,C0053,P070,3,2024-07-29
O02173,C0053,P066,4,2024-07-16
O02174,C0073,P001,2,2024-07-03
O02175,C0013,P030,4,2024-07-16
O02176,C0198,P019,3,2024-07-06
O02177,C0336,P037,2,2024-07-15
O02178,C0472,P088,4,2024-07-06
O02179,C0352,P092,1,2024-07-27
O02180,C0252,P022,1,2024-07-28
O02181,C0115,P014,3,2024-07-06
O02182,C0183,P010,5,2024-07-07
O02183,C0171,P016,3,2024-07-19
O02184,C0473,P011,1,2024-07-16
O02185,C0310,P020,2,2024-07-31
O02186,C0220,P068,3,2024-07-24
O02187,C0308,P024,4,2024-07-06
O02188,C0077,P086,3,2024-07-21
O02189,C0320,P037,3,2024-07-10
O02190,C0449,P014,3,2024-07-01
O02191,C0470,P064,3,2024-07-10
O02192,C0478,P034,1,2024-07-06
O02193,C0404,P001,2,2024-07-29
O02194,C0399,P084,2,2024-07-06
O02195,C0164,P019,4,2024-07-27
O02196,C0229,P093,4,2024-07-13
O02197,C0418,P009,1,2024-07-22
O02198,C0296,P055,3,2024-07-20
O02199,C0075,P012,3,2024-07-07
O02200,C0066,P024,4,2024-07-03
O02201,C0181,P041,4,2024-07-05
O02202,C0218,P062,4,2024-07-03
O02203,C0309,P082,3,2024-07-14
O02204,C0071,P084,2,2024-07-08
O02205,C0197,P054,5,2024-07-15
O02206,C0255,P069,5,2024-07-30
O02207,C0253,P069,5,2024-07-21
O02208,C0421,P030,4,2024-07-13
O02209,C0043,P075,4,2024-07-04
O02210,C0270,P074,2,2024-07-24
O02211,C0360,P012,2,2024-07-17
O02212,C0186,P001,2,2024-07-05
O02213,C0436,P003,3,2024-07-24
O02214,C0286,P061,2,2024-07-25
O02215,C0472,P015,1,2024-07-26
O02216,C0467,P045,3,2024-07-01
O02217,C0435,P100,2,2024-07-20
O02218,C0151,P059,2,2024-07-04
O02219,C0428,P071,4,2024-07-13
O02220,C0125,P027,2,2024-07-13
O02221,C0401,P083,1,2024-08-24
O02222,C0147,P015,2,2024-08-05
O02223,C0031,P083,1,2024-08-04
O02224,C0310,P097,2,2024-08-31
O02225,C0258,P021,1,2024-08-23
O02226,C0203,P055,4,2024-08-23
O02227,C0284,P092,3,2024-08-05
O02228,C0471,P074,5,2024-08-13
O02229,C0157,P091,2,2024-08-24
O02230,C0217,P021,3,2024-08-01
O02231,C0499,P012,5,2024-08-23
O02232,C0194,P017,2,2024-08-31
O02233,C0206,P080,1,2024-08-14
O02234,C0113,P051,2,2024-08-12
O02235,C0422,P096,5,2024-08-02
O02236,C0310,P010,4,2024-08-23
O02237,C0245,P041,4,2024-08-04
O02238,C0424,P049,2,2024-08-22
O02239,C0028,P048,4,2024-08-19
O02240,C0100,P035,1,2024-08-03
O02241,C0054,P010,3,2024-08-16
O02242,C0309,P100,3,2024-08-27
O02243,C0015,P031,3,2024-08-20
O02244,C0084,P070,1,2024-08-28
O02245,C0034,P028,5,2024-08-06
O02246,C0006,P097,3,2024-08-01
O02247,C0097,P071,2,2024-08-05
O02248,C0327,P005,2,2024-08-12
O02249,C0138,P011,5,2024-08-05
O02250,C0290,P006,5,2024-08-03
O02251,C0405,P062,1,2024-08-08
O02252,C0025,P041,1,2024-08-03
O02253,C0484,P040,1,2024-08-01
O02254,C0183,P097,3,2024-08-19
O02255,C0491,P051,5,2024-08-27
O02256,C0100,P041,4,2024-08-27
O02257,C0372,P046,2,2024-08-14
O02258,C0360,P087,1,2024-08-05
O02259,C0170,P053,5,2024-08-25
O02260,C0052,P065,2,2024-08-06
O02261,C0013,P076,4,2024-08-16
O02262,C0245,P076,1,2024-08-24
O02263,C0149,P021,2,2024-08-05
O02264,C0350,P060,1,2024-08-24
O02265,C0454,P081,1,2024-08-17
O02266,C0488,P092,2,2024-08-23
O02267,C0453,P028,2,2024-08-31
O02268,C0394,P092,2,2024-08-10
O02269,C0494,P065,5,2024-08-16
O02270,C0374,P078,5,2024-08-14
O02271,C0477,P099,3,2024-08-24
O02272,C0230,P017,3,2024-08-11
O02273,C0149,P047,5,2024-08-15
O02274,C0043,P088,4,2024-09-02
O02275,C0260,P058,3,2024-09-29
O02276,C0450,P088,1,2024-09-23
O02277,C0318,P083,1,2024-09-25
O02278,C0380,P032,5,2024-09-22
O02279,C0005,P020,1,2024-09-13
O02280,C0149,P049,2,2024-09-08
O02281,C0292,P052,1,2024-09-07
O02282,C0115,P050,4,2024-09-20
O02283,C0343,P012,3,2024-09-20
O02284,C0239,P060,5,2024-09-03
O02285,C0461,P060,1,2024-09-05
O02286,C0044,P024,1,2024-09-19
O02287,C0470,P051,4,2024-09-21
O02288,C0103,P052,3,2024-09-16
O02289,C0034,P041,3,2024-09-04
O02290,C0310,P063,2,2024-09-26
O02291,C0360,P095,4,2024-09-01
O02292,C0059,P036,4,2024-09-05
O02293,C0020,P070,2,2024-09-25
O02294,C0486,P061,2,2024-09-28
O02295,C0328,P028,3,2024-09-10
O02296,C0291,P005,5,2024-09-18
O02297,C0397,P049,1,2024-09-28
O02298,C0480,P047,4,2024-09-26
O02299,C0243,P028,1,2024-09-26
O02300,C0109,P003,4,2024-09-29
O02301,C0139,P033,2,2024-09-03
O02302,C0043,P019,1,2024-09-16
O02303,C0141,P052,1,2024-09-04
O02304,C0153,P092,4,2024-09-15
O02305,C0447,P054,5,2024-09-11
O02306,C0110,P086,3,2024-09-06
O02307,C0095,P007,1,2024-09-30
O02308,C0459,P055,3,2024-09-10
O02309,C0494,P097,3,2024-09-06
O02310,C0085,P026,3,2024-09-03
O02311,C0483,P054,4,2024-09-09
O02312,C0244,P069,2,2024-09-19
O02313,C0495,P090,4,2024-09-12
O02314,C0182,P089,5,2024-09-12
O02315,C0200,P002,5,2024-09-03
O02316,C0401,P077,2,2024-09-03
O02317,C0040,P093,5,2024-09-06
O02318,C0316,P019,3,2024-09-23
O02319,C0341,P094,3,2024-09-25
O02320,C0008,P020,4,2024-09-15
O02321,C0479,P019,4,2024-09-09
O02322,C0443,P041,1,2024-09-16
O02323,C0406,P087,4,2024-09-09
O02324,C0135,P067,1,2024-09-25
O02325,C0231,P017,4,2024-09-29
O02326,C0328,P075,1,2024-09-15
O02327,C0019,P028,2,2024-09-21
O02328,C0216,P090,5,2024-09-30
O02329,C0397,P022,5,2024-09-05
O02330,C0194,P028,3,2024-09-04
O02331,C0108,P025,5,2024-09-19
O02332,C0490,P002,3,2024-09-16
O02333,C0417,P047,1,2024-09-02
O02334,C0155,P040,5,2024-09-12
O02335,C0420,P016,4,2024-09-28
O02336,C0333,P059,4,2024-09-10
O02337,C0211,P046,3,2024-09-13
O02338,C0425,P070,4,2024-09-14
O02339,C0268,P098,3,2024-09-28
O02340,C0059,P023,4,2024-09-20
O02341,C0220,P048,2,2024-09-30
O02342,C0284,P077,2,2024-09-22
O02343,C0278,P056,4,2024-09-05
O02344,C0146,P085,4,2024-09-15
O02345,C0325,P037,5,2024-09-12
O02346,C0481,P013,1,2024-09-17
O02347,C0413,P014,1,2024-09-28
O02348,C0333,P003,5,2024-09-20
O02349,C0478,P053,1,2024-09-11
O02350,C0255,P096,5,2024-09-12
O02351,C0425,P007,5,2024-10-04
O02352,C0220,P017,4,2024-10-21
O02353,C0373,P023,4,2024-10-15
O02354,C0463,P041,5,2024-10-17
O02355,C0082,P056,2,2024-10-19
O02356,C0051,P091,2,2024-10-26
O02357,C0259,P016,5,2024-10-02
O02358,C0402,P051,3,2024-10-22
O02359,C0429,P071,2,2024-10-10
O02360,C0486,P042,2,2024-10-28
O02361,C0048,P012,1,2024-10-14
O02362,C0224,P002,5,2024-10-07
O02363,C0079,P004,5,2024-10-08
O02364,C0363,P070,1,2024-10-25
O02365,C0293,P049,1,2024-10-15
O02366,C0381,P094,2,2024-10-18
O02367,C0233,P082,3,2024-10-13
O02368,C0096,P031,2,2024-10-04
O02369,C0153,P025,5,2024-10-07
O02370,C0431,P032,4,2024-10-28
O02371,C0395,P034,1,2024-10-16
O02372,C0141,P011,2,2024-10-31
O02373,C0322,P003,5,2024-10-04
O02374,C0444,P014,1,2024-10-12
O02375,C0236,P077,1,2024-10-31
O02376,C0055,P019,3,2024-10-26
O02377,C0135,P024,1,2024-10-30
O02378,C0040,P064,3,2024-10-15
O02379,C0468,P027,4,2024-10-14
O02380,C0052,P063,1,2024-10-30
O02381,C0212,P010,4,2024-10-27
O02382,C0492,P081,1,2024-10-21
O02383,C0108,P088,4,2024-10-23
O02384,C0193,P041,4,2024-10-26
O02385,C0414,P021,2,2024-10-24
O02386,C0153,P002,2,2024-10-13
O02387,C0338,P073,5,2024-10-01
O02388,C0438,P005,1,2024-10-31
O02389,C0500,P044,3,2024-10-12
O02390,C0248,P079,5,2024-10-26
O02391,C0280,P001,2,2024-10-08
O02392,C0268,P095,3,2024-10-17
O02393,C0475,P016,2,2024-10-10
O02394,C0311,P004,5,2024-10-09
O02395,C0012,P067,5,2024-10-29
O02396,C0390,P020,2,2024-10-22
O02397,C0444,P047,1,2024-10-09
O02398,C0461,P028,1,2024-10-10
O02399,C0168,P018,2,2024-10-27
O02400,C0043,P094,2,2024-10-29
O02401,C0138,P036,4,2024-10-26
O02402,C0103,P012,3,2024-10-30
O02403,C0363,P071,3,2024-10-14
O02404,C0240,P096,4,2024-10-22
O02405,C0224,P066,4,2024-10-08
O02406,C0473,P025,3,2024-10-01
O02407,C0089,P026,3,2024-10-29
O02408,C0493,P051,1,2024-10-30
O02409,C0299,P099,5,2024-10-14
O02410,C0160,P022,2,2024-10-02
O02411,C0489,P093,4,2024-10-01
O02412,C0222,P058,4,2024-10-01
O02413,C0306,P096,3,2024-10-05
O02414,C0418,P041,5,2024-10-26
O02415,C0056,P078,4,2024-10-12
O02416,C0220,P026,5,2024-10-27
O02417,C0181,P048,1,2024-10-27
O02418,C0231,P022,1,2024-10-17
O02419,C0491,P066,3,2024-10-27
O02420,C0301,P053,3,2024-10-24
O02421,C0310,P083,5,2024-10-20
O02422,C0181,P051,1,2024-10-11
O02423,C0059,P024,3,2024-10-11
O02424,C0220,P024,3,2024-10-06
O02425,C0126,P010,2,2024-10-31
O02426,C0337,P048,3,2024-10-19
O02427,C0075,P100,3,2024-10-14
O02428,C0063,P002,3,2024-10-08
O02429,C0353,P002,3,2024-10-18
O02430,C0110,P060,5,2024-10-13
O02431,C0408,P042,2,2024-10-07
O02432,C0288,P009,4,2024-10-20
O02433,C0146,P078,2,2024-10-21
O02434,C0270,P028,1,2024-10-13
O02435,C0435,P083,1,2024-11-09
O02436,C0432,P048,5,2024-11-23
O02437,C0053,P004,2,2024-11-20
O02438,C0025,P002,2,2024-11-29
O02439,C0054,P042,4,2024-11-26
O02440,C0116,P022,1,2024-11-28
O02441,C0098,P093,3,2024-11-22
O02442,C0418,P069,1,2024-11-03
O02443,C0479,P089,1,2024-11-19
O02444,C0133,P006,1,2024-11-29
O02445,C0025,P039,1,2024-11-21
O02446,C0136,P043,5,2024-11-14
O02447,C0406,P049,3,2024-11-22
O02448,C0358,P022,2,2024-11-25
O02449,C0299,P059,1,2024-11-14
O02450,C0065,P041,2,2024-11-11
O02451,C0386,P075,4,2024-11-27
O02452,C0327,P058,1,2024-11-11
O02453,C0268,P068,2,2024-11-07
O02454,C0296,P062,4,2024-11-07
O02455,C0500,P036,3,2024-11-02
O02456,C0396,P094,4,2024-11-26
O02457,C0116,P012,3,2024-11-16
O02458,C0393,P038,1,2024-11-16
O02459,C0181,P072,2,2024-11-02
O02460,C0338,P083,2,2024-11-09
O02461,C0356,P010,1,2024-11-14
O02462,C0498,P064,1,2024-11-04
O02463,C0109,P002,2,2024-11-04
O02464,C0240,P050,2,2024-11-15
O02465,C0250,P014,3,2024-11-06
O02466,C0107,P076,5,2024-11-20
O02467,C0264,P041,3,2024-11-11
O02468,C0363,P059,2,2024-11-19
O02469,C0435,P065,1,2024-11-13
O02470,C0469,P017,2,2024-11-08
O02471,C0470,P047,4,2024-11-19
O02472,C0500,P058,5,2024-11-01
O02473,C0263,P026,4,2024-11-10
O02474,C0097,P009,3,2024-11-01
O02475,C0217,P022,3,2024-11-21
O02476,C0488,P074,1,2024-11-26
O02477,C0076,P060,1,2024-11-28
O02478,C0382,P015,2,2024-11-19
O02479,C0009,P059,2,2024-11-01
O02480,C0137,P004,4,2024-11-30
O02481,C0339,P068,4,2024-11-15
O02482,C0181,P034,1,2024-11-10
O02483,C0475,P071,1,2024-11-05
O02484,C0182,P056,2,2024-11-27
O02485,C0078,P051,5,2024-11-13
O02486,C0221,P066,3,2024-11-02
O02487,C0028,P057,3,2024-11-29
O02488,C0190,P013,1,2024-11-18
O02489,C0333,P049,4,2024-11-30
O02490,C0100,P038,2,2024-11-17
O02491,C0207,P023,5,2024-11-02
O02492,C0142,P068,5,2024-11-11
O02493,C0253,P067,4,2024-11-21
O02494,C0056,P088,1,2024-11-01
O02495,C0331,P032,1,2024-11-03
O02496,C0113,P015,1,2024-11-16
O02497,C0459,P005,5,2024-11-04
O02498,C0137,P031,1,2024-11-27
O02499,C0273,P013,3,2024-11-26
O02500,C0116,P080,4,2024-11-14
O02501,C0201,P051,1,2024-11-24
O02502,C0113,P094,3,2024-11-10
O02503,C0254,P027,2,2024-11-09
O02504,C0403,P027,3,2024-11-11
O02505,C0327,P037,5,2024-11-25
O02506,C0148,P094,1,2024-11-12
O02507,C0049,P024,5,2024-11-13
O02508,C0465,P090,5,2024-11-03
O02509,C0245,P095,3,2024-11-18
O02510,C0437,P089,2,2024-11-25
O02511,C0088,P041,1,2024-11-11
O02512,C0086,P024,3,2024-11-16
O02513,C0461,P059,2,2024-11-20
O02514,C0493,P002,4,2024-11-02
O02515,C0220,P043,1,2024-11-13
O02516,C0091,P034,1,2024-11-10
O02517,C0088,P087,1,2024-11-23
O02518,C0305,P046,4,2024-11-15
O02519,C0299,P001,4,2024-11-16
O02520,C0126,P074,4,2024-12-16
O02521,C0185,P027,1,2024-12-04
O02522,C0100,P049,1,2024-12-02
O02523,C0495,P036,5,2024-12-27
O02524,C0461,P058,5,2024-12-01
O02525,C0090,P034,3,2024-12-19
O02526,C0455,P043,4,2024-12-22
O02527,C0302,P054,3,2024-12-10
O02528,C0159,P025,1,2024-12-27
O02529,C0297,P067,3,2024-12-08
O02530,C0428,P079,1,2024-12-17
O02531,C0222,P059,5,2024-12-17
O02532,C0496,P045,3,2024-12-06
O02533,C0057,P002,4,2024-12-25
O02534,C0475,P088,2,2024-12-05
O02535,C0239,P088,2,2024-12-25
O02536,C0268,P038,5,2024-12-04
O02537,C0286,P086,2,2024-12-04
O02538,C0156,P063,3,2024-12-10
O02539,C0034,P038,1,2024-12-26
O02540,C0233,P006,2,2024-12-24
O02541,C0145,P076,1,2024-12-11
O02542,C0028,P063,3,2024-12-15
O02543,C0003,P056,3,2024-12-16
O02544,C0339,P001,1,2024-12-24
O02545,C0129,P018,3,2024-12-12
O02546,C0450,P037,5,2024-12-18
O02547,C0341,P099,5,2024-12-09
O02548,C0080,P012,3,2024-12-22
O02549,C0074,P094,2,2024-12-16
O02550,C0222,P075,1,2024-12-09
O02551,C0149,P029,1,2024-12-12
O02552,C0243,P046,2,2024-12-15
O02553,C0416,P087,4,2024-12-01
O02554,C0217,P052,1,2024-12-27
O02555,C0458,P034,3,2024-12-12
O02556,C0306,P040,2,2024-12-10
O02557,C0289,P056,3,2024-12-23
O02558,C0412,P075,2,2024-12-11
O02559,C0350,P099,2,2024-12-29
O02560,C0129,P018,4,2024-12-17
O02561,C0284,P026,3,2024-12-25
O02562,C0157,P011,3,2024-12-22
O02563,C0291,P081,4,2024-12-28
O02564,C0280,P024,4,2024-12-28
O02565,C0401,P056,1,2024-12-29
O02566,C0071,P068,4,2024-12-27
O02567,C0356,P041,5,2024-12-20
O02568,C0479,P088,3,2024-12-16
O02569,C0240,P046,4,2024-12-04
O02570,C0239,P054,4,2024-12-09
O02571,C0237,P004,5,2024-12-22
O02572,C0014,P099,4,2024-12-17
O02573,C0046,P097,2,2024-12-24
O02574,C0315,P039,2,2024-12-21
O02575,C0298,P066,3,2024-12-01
O02576,C0066,P080,5,2024-12-05
O02577,C0461,P073,3,2024-12-14
O02578,C0028,P097,4,2024-12-28
O02579,C0065,P052,1,2024-12-08
O02580,C0237,P098,5,2024-12-22
O02581,C0236,P007,1,2024-12-05
O02582,C0029,P035,1,2024-12-12
O02583,C0171,P077,1,2024-12-16
O02584,C0421,P038,5,2024-12-01
